1912735; 2780300; 3790942; 1423126; 1007689; 912726; 968557; 872796; 875133; 890426; 1002773; 918895; 1004835; 1072032; 870023; 916033; 826413; 1016300; 972244; 1013900; 975231; 1002300; 1032661; 970222; 869518; 
981957; 1060000; 973904; 1041819; 1027562; 907242; 894225; 915197; 923796; 910875; 1038000; 1004832; 1056308; 1047360; 911320; 938094; 872952; 1045200; 996507; 1039091; 1121500; 1051900; 1073500; 976353; 903663; 
939747; 1029600; 942400; 1005677; 985340; 892865; 860289; 2264241; 964012; 876720; 1073600; 993377; 1041749; 1057808; 916585; 957148; 901544; 985900; 841657; 819001; 836612; 886800; 892300; 870709; 795661; 
813633; 887600; 822137; 885508; 864170; 777572; 795605; 805751; 811243; 692992; 870400; 865320; 842573; 875501; 778484; 798804; 775946; 1030400; 839736; 912043; 826470; 901200; 1007600; 1257514; 1112706; 
829940; 903100; 792196; 883974; 879890; 828533; 803748; 813937; 826589; 830860; 917900; 858159; 812171; 931922; 794342; 800801; 762919; 1019000; 872394; 922049; 903977; 940506; 952100; 835703; 787861; 
802534; 957400; 798989; 924909; 901238; 871353; 870768; 920433; 757363; 773540; 977946; 923200; 818069; 979148; 871634; 814848; 920090; 970261; 886733; 928050; 882971; 938309; 939900; 864520; 833127; 
1308987; 1057040; 852826; 1049579; 1093770; 996563; 1014473; 1038075; 855768; 876597; 1092100; 1061600; 838512; 1043698; 937546; 954731; 995647; 999308; 963840; 1030755; 1035400; 989216; 1014300; 872038; 851647; 
901479; 1071500; 870687; 975676; 1080105; 886135; 903846; 920140; 841193; 854587; 1030507; 1001031; 844245; 884558; 833848; 1272953; 913858; 1655155; 992699; 1051982; 935498; 1020476; 1071000; 880782; 922506; 
993024; 1016235; 871964; 970534; 1044518; 946380; 918069; 986042; 836166; 837405; 966702; 987998; 844052; 836353; 741823; 849933; 889272; 845970; 916309; 1016409; 975063; 982695; 1038200; 814082; 825852; 
882450; 948534; 825668; 843231; 918945; 942381; 838624; 985960; 806235; 845939; 932889; 1040100; 1245064; 890001; 878850; 924212; 822363; 845913; 878580; 1054600; 905886; 997228; 1036600; 822550; 836883; 
969454; 944806; 928458; 890989; 954908; 892685; 844183; 1755641; 2881012; 1320793; 973195; 1022600; 839604; 854874; 807388; 810238; 904650; 835808; 941883; 975005; 943253; 945389; 1019700; 859939; 817402; 
925835; 926279; 905687; 877098; 998201; 894682; 903559; 899250; 885750; 1074879; 1009694; 1055700; 813675; 833295; 781689; 867801; 904387; 869108; 858196; 932898; 902867; 972144; 1035700; 867720; 889697; 
914817; 937848; 898317; 915376; 970808; 904969; 878662; 912884; 872903; 1067947; 983504; 1054710; 888942; 884445; 862451; 889244; 964369; 857840; 863930; 1020623; 1028160; 967237; 1079700; 885181; 879827; 
891083; 928171; 948137; 885372; 919749; 942597; 886561; 922756; 902031; 849782; 990912; 1047910; 854872; 830418; 820851; 852009; 829222; 818070; 854046; 1007813; 959969; 925012; 1018100; 807824; 868155; 
918559; 842645; 854706; 872679; 871162; 867193; 805938; 824248; 861000; 872979; 959150; 993760; 867536; 857349; 829324; 814960; 846400; 873968; 843108; 1108300; 1009315; 1046995; 1032400; 793142; 870448; 
904050; 854246; 818255; 894158; 1307638; 927330; 900956; 944021; 908864; 905651; 975711; 1048270; 902390; 929061; 879771; 904901; 881236; 916618; 900080; 1023233; 979770; 1041493; 1090300; 887675; 958831; 
944298; 906066; 877533; 857868; 979509; 929014; 873879; 905691; 887908; 919747; 996543; 1036326; 961017; 892624; 870559; 913645; 919683; 911210; 849954; 1033480; 954217; 983417; 1087100; 903342; 918493; 
856835; 888713; 875443; 834361; 1009383; 863157; 925719; 875095; 911223; 914348; 1059539; 1005924; 866440; 1065264; 848165; 874390; 844458; 837265; 796628; 1012576; 949655; 998544; 1064900; 828890; 939148; 
826571; 805646; 867419; 795481; 966651; 877258; 840675; 940731; 924134; 852645; 967798; 995520; 871619; 884800; 855829; 863791; 906235; 869591; 800437; 1023097; 973603; 955901; 1085600; 865276; 865809; 
1027306; 836810; 863370; 855140; 894153; 854387; 842212; 909284; 846616; 880887; 902813; 1025800; 833766; 872573; 851784; 868788; 858446; 875065; 837065; 993972; 1024142; 918595; 1013400; 892798; 880986; 
1039258; 866471; 817826; 864299; 929086; 920525; 837034; 958747; 840972; 914938; 906501; 1030200; 867643; 906971; 816192; 823041; 900292; 820708; 849616; 996971; 1028817; 1011421; 1135100; 854699; 892743; 
992371; 856602; 858923; 891132; 864007; 833929; 832161; 801095; 852131; 854100; 868685; 971843; 825134; 848042; 813789; 860781; 832366; 824751; 861539; 987338; 963993; 966684; 1044800; 808470; 832631; 
913668; 780638; 842071; 877852; 856558; 858285; 827494; 821548; 846817; 836749; 818316; 943372; 1067105; 927807; 899293; 911608; 900491; 876953; 902438; 1056759; 939620; 1008476; 1060300; 912155; 938565; 
880797; 888196; 900427; 891697; 918060; 919645; 900458; 913956; 914985; 916972; 916572; 977256; 911744; 907434; 866134; 861351; 946961; 896710; 879621; 1073700; 1019613; 985213; 1076000; 891588; 921547; 
878399; 855484; 839803; 920709; 916420; 914737; 923282; 886808; 946144; 930633; 896294; 950675; 868881; 891056; 858456; 909943; 905309; 892881; 897489; 1058934; 1045681; 986470; 1027200; 873601; 867984; 
4052444; 3640269; 2581447; 2849820; 2911525; 2855132; 4074207; 2622833; 2791183; 2337319; 2907996; 3179657; 2598126; 2442292; 3680390; 3884213; 3164887; 4434700; 2962028; 2991678; 
2917762; 2904328; 2478574; 2771773; 2407205; 3412084; 3494888; 2464909; 2618300; 2683018; 2352285; 3219354; 2285872; 2414513; 2391627; 2271397; 2862673; 2239460; 2064420; 2858002; 4318200; 3031766; 4275500; 2853905; 2988159; 
2794483; 2608856; 2947823; 2516860; 2427740; 2988758; 3208835; 2652139; 2562404; 2361407; 2457249; 3076123; 2223599; 2316262; 2360543; 1972337; 2422691; 2673487; 2769512; 2540018; 4257000; 2913901; 4216000; 3036233; 3908616; 
3925431; 3262931; 3013511; 3213780; 2756999; 2646909; 3193212; 3049709; 3327610; 2395979; 2622636; 2952526; 2948988; 2990893; 2899940; 2477211; 2535731; 2682134; 2375711; 2653893; 4188739; 3391971; 3993463; 2893362; 3361607; 
3457713; 3321014; 2771878; 3609473; 2407813; 3410468; 3286376; 2951580; 3158272; 2455122; 2811875; 2611309; 3359362; 3088055; 2719559; 2757722; 3421959; 2662662; 2288851; 2916871; 3773890; 3216719; 3638557; 2385664; 2485545; 
3079758; 3310216; 2354032; 2975365; 2539193; 3508333; 2895535; 2754373; 2589470; 2942931; 2298540; 3194809; 2457826; 3087533; 2692832; 2646162; 3084953; 2622697; 880436; 905623; 1001147; 914483; 939319; 896025; 861673; 
894040; 866369; 835477; 814698; 867389; 979821; 924017; 864603; 867995; 907816; 938888; 931367; 840845; 872957; 839008; 860881; 859566; 884423; 863718; 948073; 971219; 911663; 945618; 919432; 854026; 
886134; 812696; 977064; 895667; 884880; 881137; 979472; 864655; 884154; 858517; 918067; 940595; 866721; 912789; 868923; 913043; 809240; 898458; 932715; 851484; 932409; 960252; 963924; 1022715; 860519; 
889560; 876787; 983398; 870862; 902107; 913782; 940487; 914714; 925058; 917274; 1012402; 940573; 856392; 831898; 884626; 925511; 879282; 949765; 976239; 965176; 921822; 865169; 871495; 901573; 894297; 
926847; 965359; 881702; 941384; 826071; 907700; 954093; 875868; 875249; 961036; 972856; 926350; 922156; 981407; 933204; 862465; 894465; 851173; 972432; 895608; 944539; 896102; 908547; 943577; 951520; 
897796; 947159; 889034; 938693; 886117; 954101; 934078; 937631; 890509; 947534; 922738; 959715; 869953; 926436; 931977; 897838; 927581; 878159; 904992; 897256; 913751; 870260; 892230; 884523; 927229; 
896149; 875593; 955224; 893735; 890476; 886139; 993405; 868535; 831625; 870758; 905964; 868597; 821317; 822953; 872356; 855746; 876465; 897684; 824151; 848744; 887694; 856817; 907234; 838969; 813573; 
839414; 837118; 898663; 870829; 933289; 944632; 893653; 862563; 875942; 857598; 886680; 882496; 844272; 7429; 855455; 940006; 870160; 996256; 963900; 885602; 897165; 1012788; 886040; 942911; 896930; 
938142; 897784; 955376; 896586; 897639; 927775; 955922; 836357; 811754; 869949; 872971; 880301; 846182; 889449; 842330; 842655; 809428; 856573; 849445; 880769; 843183; 813179; 866801; 862409; 847092; 
854510; 825239; 811952; 805048; 824187; 836240; 876377; 857849; 858805; 845925; 876783; 836418; 815080; 777060; 941384; 849247; 922301; 858369; 841231; 881108; 750253; 831311; 878172; 873287; 796670; 
926175; 897869; 819061; 851169; 833314; 871633; 862328; 876983; 815762; 924590; 808366; 844559; 887634; 849864; 830390; 863246; 818744; 820771; 831676; 855662; 824543; 859239; 859164; 841088; 850117; 
833280; 886465; 916002; 827782; 858681; 838572; 851240; 817144; 831483; 819017; 861767; 833931; 880585; 878831; 816996; 886528; 856453; 796628; 836692; 884246; 818257; 858996; 801809; 830682; 891924; 
790997; 874525; 790532; 846781; 817306; 880518; 874449; 834995; 898354; 800550; 863141; 896268; 845873; 812594; 782771; 864374; 848266; 853288; 782807; 818921; 881269; 826793; 815828; 933301; 1045995; 
988736; 931624; 903127; 907278; 922934; 916979; 924456; 926522; 888479; 893057; 965112; 977303; 897902; 856419; 968076; 878175; 932030; 953107; 872392; 947629; 861556; 948646; 953326; 900521; 866366; 
889145; 904039; 860499; 932284; 908879; 825733; 945050; 901778; 878616; 934899; 966612; 881504; 953789; 898827; 925415; 899564; 858142; 889294; 876151; 893685; 849582; 857840; 913745; 919457; 876886; 
903251; 933941; 933267; 897617; 882303; 861338; 866469; 869318; 948667; 836099; 913382; 887938; 860780; 892988; 920471; 925526; 951277; 926350; 966874; 892377; 944340; 945340; 910577; 919074; 948869; 
942473; 913960; 923807; 884826; 870592; 940054; 907310; 945818; 935640; 925315; 899928; 961805; 974820; 900952; 898479; 915468; 830525; 870428; 879918; 895854; 873338; 956446; 908226; 929189; 924334; 
917244; 920266; 918462; 952080; 888288; 915440; 940779; 908626; 890492; 920582; 938504; 878514; 921645; 867335; 979675; 914229; 861340; 902701; 893929; 868976; 831720; 883002; 827931; 901597; 835077; 
918649; 851052; 875541; 817442; 796552; 802436; 842020; 830358; 831574; 904829; 897025; 822383; 800670; 793000; 875848; 831685; 831505; 899878; 846577; 834408; 852133; 823450; 811254; 849025; 834414; 
871086; 810076; 816816; 889971; 878313; 829382; 825199; 851334; 913995; 895777; 875526; 859947; 851879; 894957; 924138; 792389; 915746; 806521; 819795; 836531; 832037; 788890; 834818; 949110; 852870; 
908923; 855603; 882241; 884606; 855565; 782572; 915562; 863979; 869260; 891482; 788811; 860031; 872580; 880393; 789549; 823310; 857848; 861786; 895677; 826692; 862063; 800243; 879210; 846520; 900016; 
835192; 856116; 884373; 804625; 845028; 907862; 850155; 828338; 904114; 858495; 817021; 856894; 905700; 814242; 816545; 905995; 862716; 854699; 807259; 818619; 803690; 838852; 859074; 864745; 840206; 
855432; 824211; 846428; 847171; 862938; 904891; 807799; 825005; 802092; 879783; 860642; 869489; 823018; 827497; 850362; 853512; 770534; 828434; 848599; 848678; 899675; 887479; 837432; 824531; 810014; 
790236; 904329; 860501; 873100; 896138; 922905; 861930; 824048; 862927; 788246; 845844; 828571; 826640; 877683; 856811; 850080; 835485; 872674; 812469; 2889; 868033; 828396; 865515; 812821; 825715; 
920335; 856168; 901918; 795054; 886367; 847065; 814697; 902669; 826349; 862081; 870075; 815687; 916987; 840759; 854281; 843469; 947479; 827533; 798403; 823609; 837127; 826692; 811172; 848904; 817221; 
838506; 810538; 850409; 901783; 801821; 882401; 791407; 909530; 820716; 823806; 861414; 904637; 870262; 895833; 898510; 850741; 868391; 883910; 898308; 881689; 897611; 815166; 843234; 870864; 801507; 
835967; 882238; 850444; 890855; 843201; 880631; 904282; 852392; 846536; 874115; 873124; 847292; 863289; 856099; 848366; 892650; 872318; 878921; 897404; 831747; 830378; 859569; 848411; 810815; 879114; 
875603; 845651; 798964; 847639; 839086; 930734; 890742; 869807; 842671; 861732; 860831; 825435; 912544; 833659; 889357; 854375; 824647; 883915; 812620; 876829; 872074; 893690; 862347; 887459; 862140; 
930584; 870274; 2993; 809417; 813189; 879990; 840178; 833189; 828624; 859049; 861007; 856189; 822879; 859343; 895629; 860165; 870957; 871020; 821994; 920798; 880293; 880384; 893796; 880624; 840816; 
833987; 852030; 829277; 837826; 856086; 855221; 889238; 875502; 826372; 837466; 789753; 866013; 828333; 862460; 924916; 835607; 818267; 833536; 791400; 836193; 904988; 843267; 883037; 825373; 880315; 
916155; 842695; 880468; 852379; 809233; 892678; 885842; 850205; 863184; 865311; 831837; 873606; 845415; 849878; 885331; 849889; 812791; 837173; 870713; 826062; 862990; 853611; 890492; 811809; 802178; 
912091; 789139; 874262; 867366; 860091; 871486; 892027; 820527; 894508; 836035; 906752; 838149; 803409; 884224; 856367; 843669; 853266; 912653; 853765; 869550; 805873; 839888; 817914; 846618; 788031; 
861300; 851829; 824993; 880586; 837427; 808722; 868065; 810524; 836434; 851564; 876959; 863201; 886758; 831148; 894634; 851320; 878739; 829176; 829070; 866529; 887230; 844493; 782009; 830700; 880536; 
799862; 926079; 857823; 901223; 873529; 926127; 891810; 905494; 846350; 882742; 895429; 872259; 839841; 858964; 834911; 867446; 838688; 837929; 865359; 886593; 810549; 871350; 824559; 851817; 776541; 
831299; 802037; 879991; 843886; 905210; 881019; 859619; 801369; 817063; 779665; 932676; 823756; 856011; 859561; 864416; 834172; 898812; 853259; 851549; 874199; 855498; 867663; 824957; 851282; 888286; 
865463; 875347; 844655; 890878; 837442; 864377; 812327; 863548; 873801; 800330; 816278; 888625; 906197; 870197; 813949; 842433; 868194; 873901; 801570; 831974; 895108; 875985; 800760; 856242; 834122; 
907914; 806982; 907639; 825603; 802280; 897857; 852076; 816080; 933038; 840088; 857641; 879552; 905754; 940773; 883991; 859442; 867819; 842740; 859184; 878370; 859482; 845801; 869202; 895588; 876281; 
815663; 856079; 780071; 863327; 863941; 848633; 888398; 865701; 828510; 856734; 876630; 899498; 809786; 890868; 879566; 829420; 3100; 800571; 899591; 857304; 839975; 917585; 897094; 847438; 881512; 
876766; 893350; 823435; 888115; 859528; 852442; 882559; 851384; 870150; 864222; 887991; 828556; 794810; 867662; 886931; 871716; 825396; 850880; 824198; 848262; 893074; 855097; 829417; 852392; 803593; 
881802; 797315; 857598; 881883; 975184; 858404; 841151; 888940; 837046; 879445; 817153; 890902; 873893; 856423; 918378; 784291; 883172; 797195; 847703; 868715; 867745; 897261; 801855; 869887; 806484; 
890280; 893810; 868531; 908078; 807697; 859876; 831269; 839186; 857729; 864604; 878669; 821996; 862302; 857545; 895291; 814212; 867485; 839044; 890223; 833748; 802521; 872651; 890645; 805983; 840547; 
890206; 883777; 836139; 867731; 884253; 793299; 846889; 835946; 878763; 850520; 864823; 864697; 874532; 840825; 860343; 837960; 849099; 911252; 831653; 880786; 860011; 815171; 892046; 829742; 863049; 
900212; 856964; 826395; 826018; 890500; 818029; 870745; 899535; 809641; 838324; 882031; 811609; 876635; 845434; 819472; 2976; 883117; 856147; 878095; 866112; 835769; 899762; 832596; 848147; 843874; 
828568; 830568; 853069; 915712; 831984; 863792; 844862; 924306; 880455; 919974; 836136; 877306; 798391; 866918; 874166; 849779; 939758; 867650; 916884; 827224; 825749; 912344; 880606; 863681; 869436; 
852965; 896950; 822820; 841290; 860393; 824552; 867086; 834482; 870131; 864654; 820127; 834407; 855433; 832605; 839204; 853766; 825664; 853250; 852089; 818344; 899145; 865592; 890488; 827849; 871704; 
868552; 820896; 811143; 884439; 841303; 839526; 885267; 933760; 885862; 824765; 852211; 834666; 861317; 841862; 865351; 840787; 852173; 806769; 861093; 890576; 871361; 882312; 854462; 842765; 850650; 
859369; 924015; 906606; 834941; 903241; 887697; 869612; 907069; 877681; 886412; 815819; 913415; 905056; 930519; 923197; 854290; 866818; 870057; 891694; 894125; 874153; 886493; 826883; 827116; 859719; 
887591; 867093; 897412; 848152; 818171; 864049; 886939; 833385; 806751; 845685; 883813; 862837; 841865; 865250; 886603; 854000; 843926; 878883; 810930; 821146; 886499; 901566; 810255; 873220; 810435; 
854790; 869432; 865885; 887528; 866381; 891077; 873257; 887455; 836195; 840619; 852777; 866404; 884626; 858239; 946075; 821872; 864216; 745036; 864817; 903204; 952077; 816458; 859009; 883953; 890768; 
890710; 842936; 852824; 883261; 876494; 902067; 906659; 859309; 831109; 847844; 904665; 891295; 888738; 837120; 870938; 879636; 821432; 782530; 847432; 866584; 881748; 856543; 860165; 837562; 837827; 
824465; 860300; 821997; 838684; 787191; 901074; 830273; 846913; 855301; 855639; 907442; 794083; 858723; 937369; 877372; 895860; 879164; 805728; 833039; 835951; 947524; 909530; 878832; 900792; 817730; 
931915; 832617; 894730; 907628; 878101; 849388; 837511; 840847; 790484; 849917; 802880; 822975; 867855; 819772; 848126; 890644; 859643; 866940; 815030; 894794; 806237; 838009; 871153; 816260; 848383; 
841083; 834282; 896973; 847419; 883746; 851355; 839898; 834672; 772225; 905515; 879347; 805684; 933151; 827034; 846964; 834654; 854252; 891672; 821924; 852677; 865121; 822957; 920220; 763331; 916653; 
875654; 831499; 908348; 884369; 801446; 865154; 858717; 832726; 832117; 882653; 879119; 859173; 884849; 819738; 859190; 814435; 835739; 854321; 838172; 821909; 840079; 897885; 814459; 922040; 840358; 
824087; 912303; 888522; 811227; 911824; 859889; 896757; 853208; 834850; 856383; 839999; 906010; 842113; 839203; 816450; 827651; 872157; 796996; 852024; 826605; 866761; 878591; 859701; 904485; 811755; 
831056; 855968; 827456; 876600; 844382; 841526; 888303; 795369; 805728; 866604; 819741; 874946; 825751; 885150; 875804; 847003; 874095; 849228; 835717; 835313; 866035; 844092; 830772; 895936; 905014; 
946449; 874359; 857798; 877946; 900024; 826185; 913560; 855495; 835427; 837071; 828971; 927302; 876039; 800708; 906336; 842108; 863228; 870342; 828433; 819954; 878589; 821890; 887438; 872872; 876176; 
858501; 871979; 844579; 831689; 865440; 789050; 869298; 820016; 897727; 889633; 931769; 849526; 824871; 800849; 866414; 834302; 868684; 839249; 856122; 830677; 849456; 854561; 875165; 877561; 873489; 
773391; 865081; 844310; 872233; 837833; 832966; 807714; 891259; 822790; 867917; 888813; 829231; 870591; 887018; 925618; 859332; 834629; 860356; 804358; 886911; 873125; 891908; 929404; 864784; 899639; 
845913; 838367; 905904; 834919; 770109; 860865; 856941; 885000; 846095; 847919; 876213; 893826; 935815; 770206; 868338; 859119; 838806; 863354; 874459; 872883; 904726; 872570; 879066; 870398; 868525; 
874575; 868438; 928590; 853425; 868005; 867829; 844374; 874610; 800376; 827524; 848988; 864696; 873425; 884134; 931476; 872148; 822603; 820504; 807926; 831082; 841093; 799022; 867792; 877626; 921402; 
927350; 822108; 836133; 854513; 856510; 859553; 841177; 905890; 837510; 867920; 792019; 847379; 767546; 866893; 840209; 822782; 821103; 860435; 833650; 865370; 830723; 847578; 868965; 837048; 850117; 
813646; 835151; 813489; 828819; 805325; 871070; 842188; 893701; 906205; 868114; 821953; 864349; 879602; 881423; 822982; 869517; 881351; 814548; 897057; 859811; 828701; 808749; 829346; 852236; 850230; 
856540; 791208; 863903; 879123; 881960; 826995; 879704; 836164; 874559; 838506; 844924; 870759; 803051; 869955; 791763; 862943; 878065; 854520; 806456; 819455; 821040; 863009; 856764; 856279; 877434; 
843506; 883173; 882974; 878554; 818088; 884452; 828472; 843980; 827355; 859293; 818788; 821983; 884037; 881920; 879875; 846509; 928621; 865813; 824690; 768826; 885075; 800427; 841715; 853254; 866079; 
841413; 859574; 820163; 920624; 833047; 822388; 875173; 831397; 870117; 907342; 873935; 826762; 835554; 838086; 922898; 842413; 888185; 912826; 844111; 802001; 802609; 893361; 841352; 874927; 853741; 
817953; 868127; 889079; 776458; 811197; 862159; 854430; 803945; 2984; 879241; 821677; 882183; 880664; 917161; 816454; 888880; 904128; 875651; 838312; 866084; 853834; 903695; 866627; 914763; 837689; 
903169; 870234; 828896; 865030; 841782; 895554; 854323; 912534; 874560; 864022; 827211; 818867; 828611; 871570; 852612; 843528; 826109; 876124; 795417; 869458; 799749; 866665; 859675; 828226; 882297; 
851389; 832046; 841314; 2880; 848009; 822822; 858235; 873809; 928733; 851625; 881453; 808625; 902082; 846332; 907735; 880665; 872649; 849474; 862847; 860222; 849347; 869925; 898398; 852877; 859760; 
834912; 2898; 873233; 848086; 860264; 830775; 890251; 878570; 852205; 890901; 846423; 887932; 860761; 808616; 853519; 820255; 811044; 789690; 774642; 849220; 878980; 865183; 808439; 848168; 860829; 
859316; 809309; 808354; 829415; 835295; 809782; 870746; 838141; 821066; 864009; 842676; 821194; 826497; 876528; 862159; 873345; 870904; 839683; 839864; 911143; 853038; 894442; 886330; 868579; 904008; 
863760; 848022; 908020; 885694; 856760; 852386; 878834; 860115; 885777; 891194; 865438; 833365; 893212; 872309; 835398; 818807; 862197; 892530; 864802; 830125; 890596; 841173; 938986; 891940; 883662; 
905419; 848188; 786960; 856572; 895771; 815601; 853880; 896501; 866098; 900739; 875589; 938669; 888951; 859165; 919430; 897578; 898972; 939977; 845905; 825424; 817920; 892932; 858007; 814056; 828694; 
880725; 841826; 838008; 847813; 916376; 834550; 870291; 827310; 843354; 829216; 837762; 942352; 828323; 845640; 861506; 872764; 832074; 837730; 819231; 846944; 840574; 845193; 829587; 839250; 860530; 
842107; 881902; 909009; 886557; 841207; 900494; 834607; 855681; 822566; 898163; 853828; 884407; 878469; 814794; 849500; 830431; 766356; 846826; 845453; 885967; 835108; 870639; 830859; 838553; 871554; 
873371; 869028; 857223; 810610; 882191; 795043; 827333; 845841; 820288; 847399; 827139; 858351; 882599; 834465; 856577; 881586; 835599; 797292; 827515; 826905; 921740; 854513; 874674; 831748; 818382; 
869697; 817692; 887516; 836567; 856710; 904491; 855605; 850695; 871267; 864614; 895403; 849719; 890402; 891639; 824344; 910031; 854944; 866882; 836735; 908715; 833553; 880342; 839536; 878928; 863703; 
839628; 819748; 909359; 865316; 843279; 792749; 860883; 838531; 856600; 900637; 849958; 850374; 815728; 839261; 844983; 864739; 802762; 822918; 830255; 874237; 867984; 896395; 825179; 809328; 855970; 
851556; 819232; 832021; 879810; 811299; 854193; 897493; 882679; 817341; 904829; 870858; 854576; 868525; 881382; 862497; 876651; 799017; 913472; 781316; 873186; 900207; 860213; 836346; 860855; 883167; 
882489; 832740; 829977; 852669; 898495; 871712; 810663; 842842; 802160; 858397; 824340; 853329; 793006; 804526; 836404; 913381; 843773; 830430; 835689; 825530; 834250; 848019; 794973; 844897; 892219; 
849965; 856612; 850405; 891324; 3254; 818217; 870972; 813675; 877138; 809180; 818726; 784730; 910641; 822772; 842191; 846710; 839778; 903657; 876802; 846594; 861703; 803178; 834766; 822723; 901752; 
887845; 830550; 835268; 846561; 863544; 841736; 865811; 857657; 868051; 838078; 862093; 904661; 858095; 869352; 889406; 841364; 842000; 792640; 818952; 850017; 867273; 859838; 835950; 863551; 858332; 
775413; 910851; 834636; 885777; 802029; 814703; 871331; 836908; 827394; 878845; 867537; 843976; 792620; 809740; 851851; 862102; 820209; 859721; 843729; 860103; 872923; 816475; 815692; 835730; 823076; 
860170; 818303; 842816; 829056; 840966; 902586; 822121; 892141; 861039; 874575; 810665; 856001; 832903; 879981; 884007; 879026; 889274; 832509; 855675; 845703; 804972; 857434; 849588; 803938; 842984; 
820503; 792695; 812100; 836331; 835471; 858533; 883544; 871083; 935868; 823928; 874999; 819309; 824949; 858525; 835029; 877382; 907983; 891144; 834117; 851879; 878992; 857340; 807475; 821392; 868001; 
851286; 809051; 863441; 839742; 3151; 802094; 842602; 835297; 890412; 795226; 904682; 865891; 895998; 831743; 896995; 895894; 878130; 821835; 824025; 863624; 854444; 903794; 821600; 879433; 842736; 
842202; 839794; 801834; 849100; 780727; 799278; 852362; 915576; 812107; 801324; 862768; 859145; 815758; 890293; 858814; 855592; 871463; 893415; 824263; 887003; 802838; 896342; 882597; 822425; 841708; 
828830; 819154; 902017; 839920; 845315; 890405; 882004; 855342; 824474; 866889; 819032; 777452; 897586; 827234; 902071; 829784; 866438; 851091; 750933; 796255; 819225; 846265; 828472; 870815; 820145; 
831282; 833666; 848151; 841292; 827216; 858332; 887991; 851790; 817178; 858004; 884135; 881326; 819623; 809660; 853121; 880399; 811882; 815888; 780882; 857912; 894844; 800935; 839945; 890171; 857037; 
822493; 848802; 829900; 833512; 874931; 886845; 850115; 810505; 827006; 773684; 833122; 843130; 841674; 808877; 868722; 855154; 844579; 884837; 783319; 841257; 804054; 843761; 761224; 869262; 841888; 
865342; 849804; 872807; 849204; 863029; 845952; 887797; 809345; 820057; 897893; 880383; 824645; 876415; 839502; 872366; 864861; 871755; 880784; 878176; 860425; 814756; 880120; 869686; 820377; 814211; 
837309; 843777; 850955; 888235; 805203; 829992; 863386; 808252; 856328; 847187; 839951; 858826; 875244; 832956; 855379; 834996; 797763; 888124; 861884; 901815; 833716; 827384; 898468; 829766; 850685; 
826104; 848942; 863793; 854356; 921209; 850273; 857252; 850484; 809726; 877534; 826233; 891938; 901443; 856612; 859005; 846033; 862744; 873712; 835629; 838336; 864693; 858250; 878804; 842021; 912168; 
821723; 835795; 827432; 871311; 932668; 830400; 863784; 818303; 834185; 817946; 854828; 848532; 850031; 830458; 886517; 834855; 865898; 829369; 835377; 822761; 842140; 832951; 833311; 838883; 842816; 
775309; 917950; 792704; 831786; 884880; 876485; 835929; 902333; 841542; 810218; 868515; 826330; 873391; 836245; 869800; 793440; 824011; 852883; 837200; 751574; 841273; 809719; 812125; 901416; 855532; 
817011; 852342; 873717; 855168; 843631; 839146; 810359; 798793; 866798; 909407; 847873; 798520; 852511; 762152; 898822; 902023; 801562; 870260; 800975; 791174; 840957; 829314; 788583; 845309; 823389; 
839435; 857640; 834047; 940463; 846607; 874112; 834547; 899297; 831777; 831754; 875428; 862432; 876183; 840649; 859248; 889086; 877798; 862005; 855287; 924923; 871973; 847773; 854467; 865110; 877419; 
891292; 833045; 837317; 873379; 880400; 807558; 2884; 874183; 882709; 873852; 874493; 837391; 836658; 875467; 832277; 837388; 868691; 791941; 865960; 861502; 878366; 837776; 914248; 891577; 873211; 
820194; 800722; 893300; 783447; 852491; 820263; 825270; 903517; 803687; 826908; 785963; 792323; 818899; 833015; 857806; 828517; 836902; 798034; 790231; 807142; 849768; 888618; 833105; 825348; 832367; 
808672; 815318; 880582; 853976; 865717; 863461; 823309; 902147; 838324; 836626; 860053; 871069; 835959; 870814; 866680; 837224; 847313; 831848; 835780; 823196; 846855; 838169; 869923; 911030; 850710; 
858241; 823622; 857867; 892043; 795897; 828081; 833748; 788916; 837950; 842595; 845389; 852414; 826038; 867089; 862521; 812648; 813948; 802845; 819752; 852391; 907483; 853060; 862267; 825538; 889818; 
905683; 842595; 869497; 829662; 884001; 863488; 891171; 901182; 870736; 889614; 863053; 857889; 816527; 815088; 823664; 844237; 833891; 813919; 840400; 855620; 870129; 825920; 836205; 865261; 913208; 
850415; 857112; 863016; 854433; 865607; 814091; 868897; 804099; 841675; 879290; 851183; 830868; 894924; 832480; 859988; 831146; 865795; 828720; 816392; 810563; 877815; 882838; 851266; 810481; 812378; 
878387; 888705; 843692; 842229; 872624; 823450; 846454; 882254; 834117; 839140; 801941; 901249; 830344; 820926; 844790; 846222; 831949; 882155; 829888; 876050; 839045; 824938; 885871; 887345; 828669; 
885828; 839764; 862109; 911057; 878493; 820491; 808923; 852552; 845801; 803816; 824872; 843033; 881384; 849395; 865375; 891525; 921328; 826618; 823970; 916215; 858641; 847142; 896551; 868383; 849793; 
816403; 833264; 798150; 859277; 802736; 854790; 846215; 858973; 852641; 801659; 802907; 896278; 830403; 843458; 843323; 843298; 930035; 882974; 845652; 853736; 852677; 873268; 828949; 844985; 894291; 
813056; 821797; 809133; 830784; 879884; 855121; 821302; 821210; 910544; 780947; 855873; 847581; 817558; 860197; 875411; 891842; 866406; 827178; 846052; 824565; 828816; 852632; 890061; 863431; 871612; 
822711; 910483; 833352; 817335; 833140; 848432; 899787; 860908; 800292; 799587; 827489; 889910; 836419; 844851; 844723; 871269; 843083; 793850; 874872; 847349; 791872; 850978; 901089; 875648; 832171; 
852448; 884350; 883325; 840895; 879311; 843068; 844378; 829442; 917572; 839240; 817935; 838119; 861541; 873994; 823023; 823736; 820686; 831517; 866736; 844076; 832794; 825838; 827299; 826084; 826112; 
861370; 877172; 890339; 918370; 852628; 813720; 879954; 898860; 848395; 848941; 842670; 851807; 777361; 851678; 916196; 903216; 937582; 889100; 832480; 888184; 791369; 852673; 839979; 797814; 831165; 
827906; 856734; 875124; 824147; 840451; 833415; 828595; 819862; 881062; 816451; 860459; 799929; 839287; 848397; 863944; 851813; 878608; 876692; 847796; 886502; 791263; 853884; 867572; 877345; 825676; 
826456; 863483; 874071; 847643; 887504; 907743; 800042; 870611; 859225; 844905; 812857; 834178; 846223; 885196; 877413; 897787; 848523; 873172; 884338; 861632; 860183; 826265; 837721; 847923; 883281; 
850553; 805991; 883971; 895270; 897078; 843837; 866281; 836245; 840328; 862480; 871877; 900990; 860621; 805933; 897748; 835602; 845610; 854471; 861576; 847113; 906502; 867368; 887825; 813103; 838449; 
903019; 855907; 801645; 866908; 836645; 807356; 831979; 886616; 809133; 907317; 908397; 836943; 882629; 807836; 881023; 871919; 918056; 871866; 867488; 836840; 848137; 853187; 812642; 862610; 829439; 
846603; 870465; 840980; 866212; 828047; 911757; 858529; 915128; 833352; 817687; 837772; 874880; 841667; 835521; 840671; 872424; 834477; 834285; 874528; 836576; 859998; 858464; 838576; 853475; 814498; 
872530; 852906; 872034; 905939; 868948; 798454; 837713; 884803; 886316; 842921; 850669; 851542; 813267; 809704; 834985; 853638; 854511; 864663; 885740; 903747; 798284; 861923; 846307; 852905; 849730; 
848317; 837678; 840972; 837925; 855889; 825317; 898962; 884954; 814505; 825601; 848260; 888639; 864857; 826761; 865603; 841977; 838533; 792569; 841783; 859677; 821479; 852166; 873496; 875435; 931202; 
852793; 850441; 854907; 887647; 876541; 897171; 882793; 943751; 911232; 881540; 896366; 861465; 891385; 866141; 875729; 833991; 907638; 897422; 867600; 895822; 884536; 823137; 934417; 900455; 853801; 
867169; 871720; 851045; 830131; 837500; 848964; 881395; 880055; 893243; 861745; 896297; 860736; 846697; 820817; 897059; 845138; 934783; 824541; 837964; 864370; 879443; 866260; 863042; 868262; 872319; 
866275; 800240; 872482; 805749; 830027; 833959; 890044; 858099; 825767; 917998; 820340; 864473; 846848; 886325; 859655; 859828; 852327; 858654; 893096; 868661; 871398; 818531; 900719; 816595; 877056; 
827592; 895866; 854077; 857563; 899303; 813690; 857524; 828290; 917699; 819610; 816752; 896203; 869124; 880274; 801943; 849640; 825690; 825874; 809709; 839521; 810258; 882235; 826896; 856473; 870661; 
856666; 815563; 857051; 806911; 854462; 830318; 834160; 872431; 874199; 912725; 824399; 876942; 881279; 876528; 871353; 869199; 870574; 910947; 897023; 917502; 823650; 866734; 895324; 859508; 945833; 
796451; 845404; 865862; 850430; 826775; 840453; 872354; 891319; 859737; 819917; 806296; 834327; 825899; 807431; 898907; 830266; 823620; 866484; 832402; 811005; 843578; 867068; 901926; 861373; 793872; 
827276; 835157; 868937; 851672; 879814; 837221; 829874; 850513; 860861; 835027; 834436; 817657; 827281; 939833; 850369; 871381; 814951; 869474; 838415; 850443; 856065; 860846; 888480; 837316; 861290; 
859631; 875790; 821078; 828347; 859075; 792262; 901592; 921694; 817709; 882317; 835926; 844027; 916753; 829268; 880010; 863062; 847965; 801295; 821686; 868844; 779475; 830712; 847158; 860892; 863200; 
847896; 859640; 912052; 875408; 839986; 828640; 787157; 831923; 875966; 818931; 871000; 913772; 911901; 873515; 857518; 881792; 836295; 834952; 862602; 929327; 838800; 845097; 868025; 838486; 786520; 
852774; 817468; 873707; 909909; 836104; 871285; 879822; 825434; 882070; 866858; 901780; 917410; 858322; 854014; 897827; 912118; 864500; 850828; 820762; 786395; 831658; 813325; 895759; 839070; 830499; 
808438; 855494; 897684; 791871; 819195; 797725; 877709; 887810; 874434; 859414; 848625; 821645; 881644; 843814; 890534; 794986; 909696; 850619; 804819; 848301; 833348; 851166; 846591; 855707; 866984; 
861316; 823425; 856735; 930272; 870536; 864651; 848104; 897299; 823856; 874962; 883942; 869722; 837744; 831972; 835059; 818744; 884202; 852522; 833580; 841622; 835025; 854271; 904078; 885073; 812363; 
792616; 862331; 793348; 821561; 883340; 833808; 886082; 913370; 791646; 826954; 909490; 859088; 847799; 806668; 820713; 854829; 3038; 847332; 880646; 848743; 884478; 904318; 821400; 854012; 801274; 
876047; 880998; 897931; 821379; 832767; 855134; 903817; 861201; 904466; 851390; 882904; 852140; 828792; 783651; 885205; 872005; 834482; 831715; 795281; 861274; 873436; 849182; 859051; 850049; 834853; 
850081; 907487; 879366; 848138; 831972; 833313; 811490; 915751; 830707; 836896; 812704; 869851; 915563; 833082; 927247; 888857; 869190; 850926; 864334; 848067; 885708; 919384; 898326; 877082; 824175; 
879991; 819194; 850224; 902642; 924585; 862123; 910292; 884005; 934916; 907008; 916540; 840318; 830721; 816913; 842228; 875927; 898251; 813921; 802524; 818345; 891672; 838437; 846107; 881610; 893053; 
839824; 787116; 877233; 864518; 849288; 871573; 856578; 799094; 807536; 874736; 818212; 889494; 824070; 837671; 896388; 808444; 852490; 848125; 861027; 892849; 891342; 870887; 852931; 871733; 855047; 
826875; 873525; 860169; 804106; 848788; 806141; 883622; 871286; 833485; 861561; 890662; 783309; 870275; 849232; 886978; 834341; 871961; 827218; 917244; 877683; 858856; 784149; 865229; 836338; 828416; 
819755; 836669; 846498; 858207; 852386; 875279; 832212; 803996; 883623; 843087; 850014; 830443; 862940; 832023; 858952; 874359; 825206; 844723; 834489; 886270; 856699; 883083; 887822; 891499; 807539; 
752777; 756249; 813788; 832279; 840691; 803366; 865956; 847160; 814613; 840644; 857603; 814405; 846994; 860804; 828428; 835309; 856262; 817356; 847184; 851409; 879471; 851993; 967956; 860878; 797549; 
885528; 857080; 884358; 876266; 850807; 867035; 848750; 853335; 890349; 862089; 812510; 923341; 894845; 831325; 846725; 841749; 852241; 851202; 858103; 831825; 827116; 906170; 810747; 882683; 843004; 
921271; 833970; 856594; 859148; 851756; 828842; 849120; 906563; 861625; 844602; 886514; 908204; 902660; 896207; 853890; 853738; 803107; 832115; 844731; 813854; 860801; 880502; 825193; 867129; 826526; 
833170; 833310; 824269; 853796; 775805; 879570; 849653; 773129; 834178; 883056; 828718; 897154; 839217; 836640; 867725; 849444; 859578; 829885; 815947; 840836; 839819; 846712; 836744; 866748; 851789; 
856890; 790008; 844952; 828091; 872229; 869063; 844280; 874550; 878954; 884927; 787394; 856804; 836419; 846641; 875868; 858225; 878242; 871957; 825826; 774419; 861234; 879928; 910012; 831417; 915621; 
844350; 866283; 876547; 838333; 952507; 861007; 862644; 840661; 856696; 868887; 823409; 873053; 874590; 872182; 912431; 883739; 822083; 896581; 871832; 889197; 873891; 865477; 873576; 897917; 792670; 
854325; 873148; 852272; 853844; 863659; 890370; 842846; 795929; 844826; 897929; 852796; 858854; 878548; 862267; 793307; 804497; 801831; 814505; 820171; 875783; 832603; 879327; 823958; 828917; 901212; 
902018; 907431; 869050; 830293; 819373; 873332; 850927; 823082; 873604; 802054; 825408; 835086; 840155; 830891; 870781; 841057; 880731; 849606; 800819; 872573; 846183; 848749; 855885; 845398; 900127; 
875915; 800613; 825720; 863749; 781571; 881395; 837834; 861355; 893040; 837587; 898470; 903860; 864976; 818423; 919690; 831079; 875942; 831666; 841631; 876397; 865160; 842528; 833081; 843239; 819321; 
884055; 821560; 860677; 906380; 851219; 841241; 876048; 846660; 862546; 838480; 856366; 863900; 836547; 850640; 873181; 804621; 889978; 817424; 877866; 873376; 840613; 833761; 832821; 827497; 833363; 
842275; 869459; 850634; 843682; 859398; 862840; 831419; 875910; 882491; 856207; 826195; 882901; 808493; 866494; 796254; 849321; 836538; 903780; 785994; 881747; 888944; 895643; 881651; 870622; 847273; 
884734; 873433; 879620; 840722; 829677; 826370; 888340; 791768; 809611; 902511; 841419; 856719; 916888; 845495; 817266; 863341; 907408; 860434; 856751; 852240; 919100; 850895; 855108; 843711; 856930; 
839875; 823309; 817734; 826427; 872305; 813437; 870862; 869588; 847736; 830791; 850744; 871177; 806281; 804866; 906778; 845794; 810004; 815600; 890793; 865530; 816490; 883359; 870099; 846348; 853798; 
886352; 869122; 865971; 884268; 825561; 809047; 895804; 809809; 848178; 812242; 886154; 804035; 882134; 878147; 801777; 912054; 807135; 845627; 852174; 796156; 849894; 886080; 836779; 838187; 886176; 
881496; 863332; 857616; 840126; 830185; 800851; 848097; 905039; 860018; 815310; 871902; 878070; 864144; 886599; 869192; 857312; 838009; 847507; 839570; 789579; 827223; 871025; 861234; 874052; 867560; 
844249; 846860; 856376; 826341; 884046; 845894; 902286; 791342; 842743; 905159; 799816; 905321; 797414; 807006; 901712; 873634; 889182; 854088; 930810; 865118; 866159; 845906; 867551; 838844; 837028; 
903115; 916785; 887323; 890893; 858241; 900380; 854770; 883292; 880914; 847327; 798387; 843238; 861358; 830776; 907927; 876281; 827818; 849763; 844137; 856249; 822918; 829376; 827628; 829658; 863424; 
827594; 884312; 893555; 848499; 858038; 892218; 870892; 873722; 829370; 870530; 888227; 874768; 805706; 833048; 836601; 915027; 900303; 773309; 794321; 937494; 844970; 860444; 848528; 823614; 860846; 
857073; 859096; 905482; 858192; 848478; 873028; 881429; 836519; 906146; 804682; 846048; 801740; 7343; 841903; 839734; 851542; 835929; 832679; 898764; 883052; 837134; 889603; 840534; 837147; 907765; 
872606; 895666; 836597; 860940; 810275; 864733; 858951; 843877; 902822; 825933; 848693; 860875; 857825; 862188; 893858; 818382; 862793; 829263; 866959; 829126; 876136; 853975; 818884; 848410; 841921; 
859970; 871533; 872364; 866680; 865242; 851584; 853478; 851558; 834033; 842506; 846067; 889924; 809964; 839332; 892768; 817322; 840953; 824576; 790370; 900055; 836951; 837845; 825816; 788112; 816794; 
838694; 847920; 874081; 889579; 819233; 793649; 841577; 850280; 866625; 818715; 853924; 843106; 868287; 832330; 866041; 852823; 841570; 820602; 805009; 888882; 897355; 818546; 778015; 869036; 869163; 
795122; 844208; 872073; 869317; 826075; 813041; 902595; 822404; 846917; 839455; 799504; 789177; 858921; 856498; 860931; 817183; 850264; 845230; 791211; 876390; 891149; 871066; 835142; 864798; 868723; 
923913; 855625; 900566; 849362; 841177; 889956; 868835; 883674; 883658; 896280; 911827; 846190; 853321; 826745; 877021; 821685; 882832; 847657; 883886; 832963; 912130; 856262; 876835; 834871; 880921; 
846301; 818811; 853149; 880484; 809882; 886838; 843583; 776087; 833168; 834748; 820689; 845613; 822419; 783962; 890441; 846034; 825048; 915072; 831360; 882006; 872245; 938705; 875746; 877584; 914607; 
844473; 855676; 898257; 844098; 855507; 838728; 846638; 876131; 890891; 841937; 819117; 832842; 878408; 883658; 857905; 821045; 871178; 862523; 849647; 932484; 868323; 839377; 863886; 908605; 891730; 
874546; 887517; 835440; 869694; 859207; 834499; 874008; 884976; 825671; 877671; 869929; 904081; 906373; 885946; 892897; 809107; 861378; 900275; 843634; 927949; 899941; 853386; 839303; 883830; 874464; 
874998; 891970; 799237; 892587; 877055; 871311; 841847; 910407; 878454; 870396; 786788; 854353; 894266; 858116; 853951; 905464; 888115; 867634; 858559; 829807; 842189; 890574; 847870; 856117; 819770; 
814495; 849359; 902370; 867960; 906084; 833967; 874901; 919049; 850112; 786472; 833066; 856403; 865674; 832577; 914892; 869604; 872518; 866908; 789375; 818237; 787839; 839164; 869691; 840224; 854425; 
841726; 818130; 854290; 803590; 835109; 853878; 856425; 808874; 953143; 851096; 859706; 848194; 827114; 819986; 843498; 834407; 830915; 878686; 830429; 828021; 837646; 847312; 883777; 819859; 858331; 
873172; 872254; 889529; 870120; 868699; 823610; 858250; 860795; 902287; 807570; 889430; 854485; 903720; 886376; 856301; 868804; 912143; 858602; 886212; 854406; 872044; 835825; 869668; 881526; 883661; 
828862; 838176; 852801; 812587; 897115; 831016; 827243; 833771; 887748; 846895; 823476; 811248; 875052; 842226; 893890; 812047; 848439; 785095; 827080; 867891; 843456; 838331; 818106; 906681; 796361; 
938624; 938462; 895584; 898953; 823702; 918294; 895456; 904217; 839849; 891701; 929797; 861298; 902396; 863174; 846461; 876474; 841916; 842812; 873585; 876561; 817206; 871753; 823878; 844442; 847560; 
841214; 785192; 879803; 858379; 820222; 833902; 868846; 851889; 852922; 883050; 827189; 843939; 885301; 801602; 840346; 862356; 826273; 837500; 880561; 835351; 840445; 836236; 839339; 878865; 804338; 
