3498451;1956900;1785268;1824200;1730316;1840474;1800878;1753075;1942500;1815500;1958700;1817092;1889800;1750960;1730094;1891384;1896600;1630301;1813900;1637748;1776122;1832689;1807400;1618860;1686184;1867415,84;1618860
1608946;1952800;1809700;1791029;1674044;1787100;1836091;1783308;1914600;1827300;1892500;1623705;1778000;1709460;1624280;1898200;1882500;1622258;1820000;1659720;1911631;1921203;1998800;1769220;1791847;1795529,68;1608946
1844291;1990100;1813002;2023100;1850040;1941100;2018520;2013557;2217389;2125300;2150300;1873118;2027800;2071800;1899439;2198800;2064898;1748945;1918400;1685682;1816022;1754043;1961100;1708022;1848656;1942536,96;1685682
1661403;1830800;1702629;1808370;1649656;1782889;1750967;1758189;1860923;1800900;1941000;1740641;1802200;1764123;1626822;1850471;1834406;1683530;1812400;1579538;1694762;1765892;1846200;1580555;1698766;1753121,28;1579538
4658165;5121900;4968473;3188310;4569868;2438343;1680066;1749652;1441434;1934816;2099037;2069500;1548210;1762066; ;;;;;;;;;;;2802131,429;1441434
1533234;2224200;1551164;2169700;1545579;1730606;1922232;1720529;2290526;1967673;2224304;1476731;1921400;1977302;1644078;1976305;2151812;1632139;1550461;1433338;2195807;2074321;2057300;1451526;1750726;1846919,72;1433338
1486596;1897374;1387203;1981300;1540721;1547075;1960063;1561609;1960450;1877057;2121765;1644860;2087900;1857866;1928064;2110576;2067574;1459109;1458673;1376051;1944344;1882584;1794664;1381381;1663794;1759146,12;1376051
1242267;2144810;2047160;1958897;1372288;1947841;1557039;1564717;1892963;1917025;2288300;1506269;2061600;1514649;1911667;1897074;1812794;1419369;1903409;1363037;1951747;1700400;1848471;1420610;1716208;1758424,44;1242267
1451829;2065491;1888542;1891856;1468511;1905380;1495887;1687737;1742112;1699538;1881893;1670620;1900775;1718038;1794028;1852829;1855814;1390626;1964874;1414158;1935305;1765549;1891341;1506917;1800516;1745606,64;1390626
1864219;1930344;2096485;1801768;1517724;1812144;1691358;2032420;1851524;1718191;2020607;1596532;1819708;1944575;1740436;1736405;1754888;1395435;1595586;1310902;1853035;1863464;1944572;1445549;1634623;1758899,76;1310902
1892679;2064859;1505071;1859442;1675115;1756293;1782924;1603040;1848668;1828233;1928795;1456311;2000969;1830284;1367463;2007249;1857250;1496765;1697671;1056685;1949619;1823018;1881237;1490420;1712541;1734904,04;1056685
1793525;1847951;1960962;1952108;1786452;1682332;2006463;1691717;1879860;1809464;1998232;1879170;1949712;1735354;1949115;1891351;1739337;1453150;1928112;1881419;1897218;2125966;1853531;1411054;1752860;1834256,6;1411054
1954675;1810853;1873440;1633411;1683071;1800920;1878419;1913165;1837297;1834512;2038469;1753134;1811489;1731908;2002173;1776936;1787513;1372582;1926589;1722158;1856679;2031858;1789638;1405223;1722000;1797924,48;1372582
1842231;1818875;1984063;1815502;1658944;1842171;1671828;1846548;1804740;1674723;2037720;1805786;2009742;1777936;2080071;1927821;1820159;1485291;1747183;1412956;1956163;2005807;1843934;1565861;1719796;1806234,04;1412956
1820169;1640698;2040979;1894459;1760584;2028766;1806748;1922318;1806289;1758384;1959777;1792348;2127526;1640045;1917150;1778369;1853790;1563460;1740691;1405312;1978483;1890253;1872977;1545632;1545301;1803620,32;1405312
1853499;1730423;1879111;1905367;1711153;1981877;1851461;1543701;1786784;1507516;2105934;1853489;2121700;1836863;2082291;1983813;2068016;1523727;1774594;1444884;2079806;1782813;1920576;1474480;1560848;1814589,04;1444884
1813159;1977607;2035225;1914911;1626658;1895233;1755458;1814992;1978925;1797361;1859190;1879566;1916968;1746054;2054052;1943268;1883960;1460905;1778205;1782873;2033777;1747670;1916087;1340448;1871042;1832943,76;1340448
1802625;2052483;1831026;1800179;1668082;1812202;1820531;1804241;1880901;1768482;1823146;1665222;2061200;1646216;1914432;1636900;1854597;1381688;1888237;1783287;2591;1818304;1917523;1808437;1701616;1725765,92;2591
1824521;1819273;1926144;1753380;1740188;1872447;1975456;1809522;1881811;1587514;2057145;1878238;1966900;1871554;1809156;1838037;1824824;1425635;1712443;1842905;1799425;1818279;1839617;1852407;1503028;1809193,96;1425635
1735065;1846822;1972298;1728270;1984274;1812919;1860714;1663564;1844485;1682767;1957158;1823904;1772935;1716475;1728037;1942797;1811581;1538085;1804858;1669252;1913543;1779125;1797447;1766555;1647852;1792031,28;1538085
1778198;1642104;2185310;1672743;1426341;1731826;1797026;1690476;1884188;1882811;1883633;1747232;2078800;1766476;1908299;1812612;2011777;1552513;1979439;1725071;1943779;1749756;1956233;1764329;1644732;1808628,16;1426341
1866266;1724563;2115121;1953461;1292752;1631337;1799564;1691177;1939976;1809633;1847577;1878395;1828031;1876641;1981272;1819713;1801988;1476192;1848855;1354992;1910887;1937243;1870527;1691853;1728813;1787073,16;1292752
1745747;1726275;2112890;1777671;1515843;1835910;1957669;1673066;1929788;1851012;1852217;1707238;1891176;1864514;1988135;1932234;1918730;1403804;1842943;1418944;1863153;1943889;1817579;1786080;1601799;1798332,24;1403804
1787579;1904702;1965491;2158130;1778663;2016855;1725368;1745365;1940278;1564888;1881715;1801226;1823909;1710838;1929388;1766960;2056806;1465994;1816280;2047882;1868291;1965776;1880638;2524;1784989;1775621,4;2524
1937887;1752061;1790553;2138849;1796696;1916231;1717530;1672444;1840089;1649053;1943811;1869377;1820731;1681928;1810345;2018880;1849233;1446695;1615002;1761455;1775171;1806006;2081176;1669917;1770695;1805272,6;1446695
1809200;1661488;2107380;1877013;1677102;1669743;1633875;1712361;1869064;1989033;1965670;1739353;1852661;1804658;1922463;1992486;2037029;1342426;1671001;1309472;1966984;1933880;2013151;1742388;1706008;1800235,56;1309472
1972577;1619570;2084008;1869765;1818981;1724900;1604105;1894291;1852906;1695464;1884889;1928123;1976319;1860032;1956484;1897969;1960605;1557657;1707018;1663595;1934666;1758381;1839160;1942408;1644887;1825950,4;1557657
1908791;1845813;1765076;1763310;1857058;1860882;1876461;1789091;1836920;1718283;1993489;1643118;2208100;1956393;2034095;1923955;1729081;1707568;1788710;1825134;1869268;1786810;1752864;1846158;1708816;1839809,76;1643118
1776249;1823405;1973505;1751795;1649613;1740490;1816004;1682486;1940346;1696068;1930360;1786833;2066600;1763174;1957623;1735759;1809548;1589584;1798458;1395591;1873844;2085771;1694213;1785525;1531838;1786187,28;1395591
1684279;1907918;1919134;1836464;1673155;1673232;1648410;1687489;1754867;1747109;1943731;1905154;2023406;1418962;1912166;1752651;2019100;1460034;1700341;1516945;1862305;1999974;1923092;1834294;1602954;1776286,64;1418962
1728394;1747261;1961756;1785420;1633039;1785601;1697277;1910158;1848997;1818276;1879885;1857495;1972300;1735963;1939149;1861392;1783772;1773625;1791843;1408727;1710434;2013441;1847762;1995736;1984815;1818900,72;1408727
1767061;1812600;2037235;1762626;1563092;1886639;1770003;1741262;1933332;1677878;1925056;1711311;1968900;1833127;1890640;1839877;1870518;1610418;2059434;1451054;1857770;1740841;1886997;1770492;1722495;1803626,32;1451054
1930332;1849497;2015735;1760602;1724320;1942819;1849486;1803702;1984717;1929864;1844115;1933788;1886656;1800218;2094890;1905325;1747197;1424534;1990566;1541722;1921668;1955138;1755049;1708761;1530518;1833248,76;1424534
1792671;1938809;2054655;1784751;1772605;1830083;1604555;1740693;1927033;1743808;2037812;1804299;1940797;1776877;1798303;2047145;1732100;1493380;1958123;1525026;1908584;1988040;1829780;1680933;1802247;1820524,36;1493380
1808825;1831223;1884967;1657892;1927432;1768530;1727105;2082837;1925285;1755568;2009011;1796792;2178248;1647313;1968722;1892844;2001124;1494281;1795887;1545576;1819685;1957165;1750230;1720578;1672333;1824778,12;1494281
1659943;1797216;2233058;1807059;1831798;1746692;1716379;1630661;1802503;1776526;1913564;1749040;1547621;1721172;1795883;1830161;2075077;1626095;1852200;1464339;1810003;1940163;1820918;1546998;1623540;1772744,36;1464339
1833952;1793945;1869411;1766815;1784460;1772506;1762676;1795979;1837513;1534622;1847618;1714808;1438351;1690479;1993209;1977754;1913728;1685726;1880674;1450777;1936066;1941385;1932909;1702626;1714529;1782900,72;1438351
1909094;1812577;1827713;1854403;1802196;1994277;1757236;1751335;1805702;1872461;2038281;1674433;1837288;1790347;1981691;1952430;2025379;1430594;1888495;1409935;1780167;1778932;1826036;1827167;1671047;1811968,64;1409935
2013580;1808724;2302657;1670528;1686705;2007203;1888814;1823917;1851001;1788095;2069179;1718479;1821308;1905324;1833837;1829604;1928174;1527339;1710983;1384396;1746738;1814506;1922531;1846609;1623872;1820964,12;1384396
1878706;2013955;2015455;1849616;1685565;2141941;1920694;1845963;1896094;1848250;1877432;1735429;1859541;1713652;2120586;1804825;1941050;1622488;1615560;1324003;1824611;1914199;2044502;1915637;1592693;1840097,88;1324003
1937488;1948659;1950871;1816586;1902969;2152023;1895617;1799860;1935539;1693884;1907677;1744680;1642964;1787302;2043135;1844155;2005823;1564946;1718741;1406244;1808986;1787534;1811264;1774423;1661564;1821717,36;1406244
1787927;1890231;1997331;1730974;1838369;1821217;1927083;1665801;1889128;1762949;1897891;1804353;2046839;1772430;1895459;1919346;2115060;1664037;1761719;1412780;1955480;1837699;1867807;1407126;1704676;1814948,48;1407126
1708044;1756286;2032492;1913599;1754434;1910122;1718520;1778230;2009074;1755401;2160487;1799569;1768359;1921355;1812171;1819477;1790478;1459218;1965810;1386721;2002554;1973780;1963380;1313135;1688044;1806429,6;1313135
1845201;1842831;2031173;1591653;1767452;1876617;1762214;1679492;1848363;1631304;1921494;1874526;1867618;1751341;2008041;1900639;1797506;1383668;1829488;1833603;1928987;1772310;1944201;1431424;1738422;1794382,72;1383668
1827575;1907824;1878211;1784622;1858613;1999027;1966549;1717198;1948020;1927918;1865560;1882153;1765244;1703062;2070035;1885282;1757849;1417198;1854478;1605635;1955429;2060972;1962081;1872309;1770933;1849751,08;1417198
1850034;1955408;1818240;1709756;1802687;1816309;1867878;1766200;1782157;1620106;1698782;1816249;1634776;1691061;1973943;1773396;1906105;1658353;1896113;1286800;1951526;1751673;1901115;1701544;1816313;1777860,96;1286800
1812443;1832038;1824198;1701204;1668113;1630971;1995240;1450986;1760061;1771502;1802715;1766104;1866764;1805422;2021299;1948284;1991231;1451489;1761594;1257953;1922170;1923450;1831474;1868770;1932439;1783916,56;1257953
1842317;1975259;1939706;1769276;1885222;1673814;1931604;1818402;1743322;1923628;1925027;1746874;1864073;1886488;1838991;1943978;1935298;1732579;1889352;1200615;1969527;1929036;1837598;1800717;1842169;1833794,88;1200615
1691877;1933064;1866245;1746037;1838942;1635502;1851048;1984057;1817329;1573677;1924427;1647138;1633277;1818669;1851947;1974997;1850805;1416652;1869247;1417125;1787229;1795699;1918128;1468205;1937363;1769947,44;1416652
1838936;1701166;2166651;1740334;1828569;1683832;1693517;1651100;1921168;1637307;1963583;1923790;1939518;1673787;1911936;1878002;1818302;1383907;1665896;1420106;1776840;1974617;1749927;1456769;1742594;1765686,16;1383907
1789367;1986028;1892431;1785761;1860076;1793804;1728279;1687861;1820736;2036683;1901016;1766091;1616236;1739679;1962435;1804547;2109253;1513160;1765062;1835414;1820519;2062642;1858297;1422329;1906238;1818557,76;1422329
1800235;1798011;1987264;2008559;1838592;1941679;1980606;1533554;1790687;2002099;1881445;1714174;1734249;1679019;1916643;1927839;1922044;1684365;1833347;1404749;1852256;1822576;1871820;1457541;1728328;1804467,24;1404749
1736584;1874516;1818676;1836348;1689929;1873721;1851172;1847377;1960203;1856874;1743009;1738482;1818108;1614101;1833703;1886319;1886313;1526490;1744022;1395275;1903881;1978486;1859559;1405967;1709192;1775532,28;1395275
1844649;1804777;1800209;1833180;1748153;1890709;1871851;1955194;1936854;2613;1988613;2502;1826017;1805457;2143633;1785190;2075923;1736242;1777050;1714034;2017115;1939113;1879139;1449270;1501802;1693171,56;2502
1863188;1887045;2042862;1640984;1757511;1875107;1864791;1777330;1813013;1681374;2148747;1879956;1980921;1716559;2036299;2031930;1974737;1686061;1726522;1433584;1917651;1909204;1980432;1685463;1768495;1843190,64;1433584
1851536;1984525;1964671;1716259;1668619;1827476;1789169;1913747;1818612;1850778;1941694;1961488;1838469;1737135;2017264;1765599;1873151;1617784;1791744;1425514;1959703;1815843;1892821;1846722;1988385;1834348,32;1425514
1849272;1843029;2018564;1638899;1819858;1849137;1864505;1928653;1847327;1805312;1811936;1910750;1541189;1657254;2069468;1791149;1923738;1518365;1676074;1489669;2290769;1766474;1856565;1481403;1827598;1803078,28;1481403
1706457;1798839;2032355;1652877;1708364;1838446;1967564;1802992;1862714;1794645;1786437;1768535;1556762;1697806;2087198;1856576;1901960;1511497;1835444;1497328;1789504;1919306;1880679;1757451;1903586;1796612,88;1497328
1775672;1596400;2109509;1795734;1989669;2012049;1909715;1676583;1917334;1796959;1856828;1911042;1768896;1671818;2170867;1782138;2071678;1466357;1602558;1951945;1853891;1723572;1935867;1736075;1774868;1834320,96;1466357
1828725;1600960;2035408;1774007;1925061;1971629;1807213;1589471;2004673;1764346;1857412;2039693;1856218;1811161;1977210;1921006;1808746;1454548;1676929;1472450;1839588;1990467;1856147;1402132;1913622;1807152,88;1402132
1739878;1716664;1965119;1882086;1757615;1811830;1705528;1623281;2126687;1691323;1849419;1818300;1901892;1733419;2102473;1848830;1792667;1450098;1700853;1673175;1977903;1929288;1978460;1386722;1900212;1802548,88;1386722
1764839;1873096;1944204;1832390;1688208;1785976;1742614;1836214;2105706;1853872;1891235;1771843;1730730;1674685;1794938;2021361;1880574;1483278;1736955;1768528;1919271;1999924;2001500;1407885;1884260;1815763,44;1407885
1705833;1845396;1867903;1770070;1725192;1902705;1677696;1775836;1987776;1856895;2001536;1830916;1670182;1703087;1944396;1887923;1865721;1488754;1926892;1802171;1951040;1866605;1730403;1383659;1837510;1800243,88;1383659
1880737;1785205;1988366;1808312;1706665;1695715;1774380;1674507;1827924;1884359;1884502;1837370;1653771;1775520;1823541;1770551;1690524;1553756;1838765;1767567;2009032;1798266;1724017;1665402;1764348;1783324,08;1553756
1838513;1817630;1974868;1956696;1789198;1840140;1775175;1833387;1913476;2006520;2075332;1749218;1899783;1778197;2053875;1732552;1781251;1568167;1936211;1791727;1848948;1657163;1872338;1395944;1816871;1828127,2;1395944
1836608;1825970;1996446;1745252;1860663;1628897;1809679;1882698;1765046;1716910;1872724;2229;1886856;1694400;1834483;1828511;1980948;1384172;2077266;1859777;1982388;1903879;1922478;1427879;1489031;1728607,6;2229
1822027;1828624;1887852;1623204;1865355;1734429;1673557;1883428;1844206;1780035;1923556;1838749;1809825;1710841;1836495;1876299;1964005;1355556;1768050;1857215;1875350;1793463;1859399;1932726;1464416;1792346,48;1355556
1833597;1897498;1879527;1904757;1790553;1837920;1873372;1734513;1781817;1665472;1844877;1959655;1948313;1772369;1935205;1920483;1828671;1437717;1686796;1830191;1888765;1991147;1884907;2008904;1766316;1836133,68;1437717
1742610;1741953;1910268;1878818;1490669;1871900;2015658;1749959;1885215;1931017;2002298;2024353;1910205;1834992;2106244;1929716;2088001;1579100;1860470;1666640;2033916;1869866;1847230;1994366;1944368;1876393,28;1490669
1775906;1608577;1842917;1641975;1603728;1940794;1828532;1828755;1811417;1797495;1861344;1590275;1579712;1833352;2052281;1877871;1831403;1479926;1991199;1368831;1845428;1803721;1951988;1453791;1666380;1754703,92;1368831
1674421;1723571;1989573;1747730;1762589;1906511;1661672;1927626;1840116;1795346;1966962;1895086;1628942;1786117;1787263;1928588;1900950;1478946;1866392;1435215;1878706;1790990;1876832;1438841;1695000;1775359,4;1435215
1751391;1806714;1959693;1682290;1705509;1969113;2016419;1802859;1865040;1871832;1758201;1964315;1643667;1757337;2015031;1791464;1811837;1753812;1822947;1477575;1982236;1849576;1997869;1440265;2180317;1827092,36;1440265
1882663;1718082;2100032;1784473;1908591;1880567;1914973;1859043;1870750;1858614;1971621;1852634;1557997;1823613;1830241;1773166;6769;1422859;1763472;1445498;1965969;2131304;1822546;1416674;1810592;1734909,72;6769
1779862;1541635;1882185;1762611;1640774;1815483;1853860;1855523;1757791;1770560;1805612;1909759;1923427;1806973;1903463;1709931;1718359;1486179;1724026;1442054;1866517;1788711;2066700;1485972;1656996;1758198,52;1442054
1790421;1704002;2056422;1682122;1785349;1824020;1887099;1758870;1850374;1845800;1820341;1758969;1617954;1677101;1989923;1816038;1669673;1360012;1949907;1416717;1789389;1739537;1888254;1823503;1978271;1779202,72;1360012
2798;1876310;1771704;1952416;1854817;1812921;1776898;1818490;1902227;1853981;1887961;1840328;1619222;1674368;2006624;1841456;1770699;1437325;1738447;1631872;1881394;1791667;1940333;1760321;1768229;1728512,32;2798
1867303;1824996;1820790;1961862;1624817;1879035;1733374;1736977;2154139;1906585;1858966;1755578;1575608;1815916;2045586;1735148;1868621;1433934;1664287;1470811;1727257;1985143;1953657;1881979;1771498;1802154,68;1433934
1802018;1871967;1777668;1757635;1595747;1713240;1821887;1904285;1901154;1898092;2205380;1754883;1825272;1838745;1974208;1893385;1823309;1595897;1769361;1504184;1788099;1789198;1900182;1949859;1783766;1817576,84;1504184
1920672;1874164;1887897;1727795;1689287;1867928;1799709;1913536;1848555;1734905;1820275;1631638;1732723;1806479;1970368;1905651;1914805;1529070;1703212;1474563;2057621;1843260;1865199;1960532;1706174;1807440,72;1474563
1913315;1758939;1807988;1748487;1835553;1790506;1747173;1795028;1851373;1708878;1829787;1825650;1854632;1744177;1782729;1866700;1925268;1587716;1829377;1285254;1889275;1948678;1932793;1385943;1973135;1784734,16;1285254
1764700;1851272;1819913;1910036;1701792;1781760;1743448;1767603;1809979;1830020;1792582;1919483;1446332;1615926;1885393;1977696;1912958;1888901;2023543;1279235;1911464;1980141;1846215;1441215;2026388;1797119,8;1279235
1900168;1801812;1926483;1921497;1785451;1705321;1753529;1769563;1772051;1789416;2035994;1884543;1720873;1832390;2139910;1945958;2074971;1463840;1851432;1407460;2066778;1859850;1802770;1421794;1784545;1816735,96;1407460
1859972;1809805;1888551;1835193;1728015;1860338;1958190;1816023;1845376;1925858;1814813;1799781;1746664;1507625;2008059;1869397;2221900;1550991;1830676;1462148;1918051;1891440;1828807;1875230;1664312;1820688,6;1462148
1752021;1720144;2112160;1722146;1833328;1785719;1942572;1889390;1861641;1936005;2002197;1644162;1993208;1860293;2121942;1938626;1956415;1443738;1770917;1855478;1904837;1951243;1846482;1495311;1594105;1837363,2;1443738
1718930;1889038;1965701;1725941;1716120;1965907;1884915;1788363;1935552;1944287;2211;1781448;1865691;1647139;1852995;1904729;1899760;1555076;1872312;1852026;1763687;1821491;1892854;1478408;1630807;1734215,52;2211
1844753;1902138;1991077;1806229;1710063;1684232;1842483;1753464;1848742;1753598;2071838;1862111;1585763;1816754;1908152;1777792;2000593;1409549;1841478;1465865;1952247;1990115;2000977;1390260;1757802;1798723;1390260
1946665;1819213;1814702;1947542;1727782;1758953;1945803;1857765;1684418;1804721;1927376;1830668;1648398;1581204;2170654;1947684;1811330;1542797;1993760;2023146;2032130;1719254;1870972;1350834;1764406;1820887,08;1350834
1885785;1879112;2081650;1849178;1760463;1767936;1940861;1751548;1826240;1870643;1948560;1800411;1888559;1662078;2108313;1852023;1935177;1418209;1705455;1482842;1821263;2020253;1938984;1424304;1951513;1822854,4;1418209
1905314;1729746;1965982;1628843;2067025;1791258;1778098;1874986;1872067;1923665;1959938;1934890;1956929;1670741;1921577;1932422;1915174;1461332;1737265;1759685;1892248;1731141;1829189;1462132;1790523;1819686,8;1461332
1834086;1713136;1999010;1798664;1779220;1926294;1778861;2108309;1923541;1917316;1811671;1860394;2024710;1689528;1971491;2000528;1898349;1446176;1837495;1377269;1983088;1974028;1835873;1452078;1978107;1836768,88;1377269
1923664;1642332;2160565;1647225;1652280;1953989;1902899;1626890;1777677;1901519;2026740;1831313;1752444;1832655;1836021;1931380;1766435;1427675;1791598;1809214;1948592;1800082;1946748;1897285;1464451;1810066,92;1427675
1829083;1862348;1874285;1771812;2015766;1872255;1779902;1756579;1730416;1908417;1917620;1701149;1751126;1725601;1783855;1866673;1808381;1442319;1828351;1972916;1754843;1934387;1936987;1969696;1540645;1813416,48;1442319
1705484;1891572;1925977;1569465;1835198;1810178;1951498;1815005;1866380;2007973;1843024;1680729;1865131;1642256;2571;1691714;1895798;1584551;1726799;1425677;1826258;1915465;1922643;1793743;1626785;1712874,96;2571
1793239;1607626;2064737;1716788;1738133;1656824;1707777;1890391;1839551;1721589;2071678;1914672;1776301;1727259;1893395;1711219;1836477;1862833;1973409;1406993;1851381;1805904;1917801;1539905;1664986;1787634,72;1406993
1688812;1760969;1940152;1862164;1857990;1776930;1752685;1775358;1979845;1765579;1854858;1797488;1957926;1734925;1832777;1927396;1712492;2049486;1892957;1953742;1874266;1938358;1960801;1458625;1707825;1832576,24;1458625
1807428;1819693;1824306;1732989;1786367;2018509;1994327;1674674;1854079;1866521;1915708;1768073;1901512;1648909;1911319;1810708;1901175;1812690;1938480;1948587;1928195;1949013;1913108;1430071;1820191;1839065,28;1430071
1833475;2037037;1925823;1749978;1662582;1728707;1914292;1855860;1873433;2050752;1909502;1852940;1533668;1832764;1722942;2062097;1959862;1517852;1880355;1809535;1890859;1715208;1817798;1444124;1748510;1813198,2;1444124
1948536;1837095;1832071;1897254;1918611;1726781;1882466;1885296;1904236;1751928;1744533;1956794;1524330;1685545;1979019;2048167;2011021;1462057;1855026;1641987;2032881;1974624;1554165;1723297;1842453;1824806,92;1462057
2002774;1683806;1970375;1765841;1892359;1937669;1715692;1658311;1833177;1754442;1711052;1987606;1840887;1733259;1714593;1911256;1860286;1977557;1800938;1346881;1864687;1834029;1743732;1845760;1847117;1809363,44;1346881
1891321;1917649;1934664;1739621;1594997;1944351;1862609;1879301;1847617;1782486;1966622;1707137;1901393;1653498;1776981;1990149;2116134;1710201;1717838;1463687;1927793;1933810;1988144;1526802;1718630;1819737,4;1463687
1901145;1963267;2116656;1912051;1730395;2027685;1766737;1837064;1820779;1703910;1783793;1778122;1814255;1652366;1887814;1841464;2096106;1463168;1657258;1453879;1901938;1853760;1949594;1610892;1727774;1810074,88;1453879
1841453;2057743;2038748;1745170;1752261;1808731;1839737;1888006;1814576;1727378;1904616;2068252;1902632;1735690;1802954;1743299;1934109;1485823;1636581;1423362;1840906;1903376;1952701;1409938;1449650;1788307,68;1409938
1842557;1967346;1953738;1754388;1760432;1739717;1738372;1745757;1692809;1803051;2020059;1920657;1713062;1805902;1902087;1803930;2006937;1423875;1949569;1327897;1759854;1930620;2032551;1626078;1487171;1788336,64;1327897
1794233;1892952;1891532;1833101;1885291;2085486;1729552;1668545;1740460;1999759;1819053;2056945;1564255;1743226;1832302;1834619;1863025;1400104;1832672;1367912;1993032;1942968;1987486;1877799;1637250;1810942,36;1367912
1808925;1866608;1902322;1792922;1765096;1855377;1693091;1837593;1936980;1991641;1742109;1804316;1763406;1765464;1893687;2031400;1790819;1512425;1842811;1271648;2219417;1919074;1830838;1748563;1668124;1810186,24;1271648
1954813;1852175;1913308;1811092;1997081;1843997;1728489;1717286;1869160;1792254;1944492;1854024;1772249;1479211;1794195;1911325;1941109;1516976;1772127;1287206;1928561;1848465;1831471;1974948;1603346;1797574,4;1287206
1753654;1921389;2193603;1885200;1781637;1850918;1604972;1932845;1903178;1870146;2002295;1935616;1715795;1678563;1907741;1772476;1780026;1353189;1960813;1257505;1809057;1882664;1877371;1862337;1558569;1802062,36;1257505
1624453;1818807;2097138;1793432;1535807;1750338;1945501;1736875;1794596;1929521;1828934;1829335;1993447;1731146;1894948;1882858;1958644;1370222;2087145;1406731;1892202;2023761;1837139;1863470;1574696;1808045,84;1370222
1685505;1760709;2034418;1956499;1863006;1958145;1911350;1633499;1906571;1872498;1984859;1951475;1607789;1801870;1752390;1904628;1963978;1595026;1936442;1177386;1911020;1869961;1921031;1821697;1460420;1809686,88;1177386
1831808;1998807;1941156;1921992;1893578;1765959;1768426;1773757;1821532;1801920;2071927;1787957;1747894;1695079;1875340;1932258;1913252;1774489;1734493;1342931;1998959;1942162;1903053;1667948;1563495;1818806,88;1342931
1894807;1813745;1904601;1983409;1576973;1664653;1779118;1898192;1873124;1782692;1848620;1859699;1778055;1683453;1925546;1830497;1913645;1602706;1801447;1392994;1899950;1850213;1997599;1973342;1753899;1811319,16;1392994
1811271;1782734;1964291;1700545;1704900;1778505;1856577;2111266;1901526;1889343;1871519;1783923;1667219;1846196;1816797;1948682;1962845;1431805;1693341;1476032;1840536;2001118;1982291;1449799;1608680;1795269,64;1431805
1846202;1789380;1971739;1801161;1692895;1822288;1703513;1878762;1865643;1789697;1937845;1785589;1633701;1610638;1885879;1744667;1845000;1518271;1724994;1535280;1941146;1803702;1810357;1459933;1586181;1759378,52;1459933
1910793;1737259;2093715;1808404;1840790;2088945;1831668;1668415;1840052;1696477;1977741;1800674;1913671;1731196;1920921;1709844;1926980;1462029;1774868;1286864;1763508;1679480;1849309;1378145;1690678;1775297,04;1286864
1810384;1667574;2133063;1791076;1760480;1836502;1888092;1675009;1973325;1844332;2026885;2098214;1906146;1752734;1877032;1890324;2017218;1506960;1985577;1447067;2045615;1934018;1934140;1864179;1650332;1852651,12;1447067
1810562;1921787;2229804;1887750;1698265;1824579;1848035;1758745;1949018;2094284;1865982;1798926;1870310;1876295;1811317;1768465;2048625;1519618;1950088;1676158;2026731;1721840;1886187;1878917;1782986;1860210,96;1519618
1795220;2029736;1912352;1790776;1727265;1776643;2196085;1853709;1770514;1815251;1990455;1947281;1610289;1752032;1792176;1716598;2056956;1554290;1695697;1261144;1826353;1992393;1908319;1758617;1616357;1805860,32;1261144
1850981;1847158;1868801;2025170;1742485;1773068;2013516;1629198;1777214;1917125;1759979;1958110;1517200;1845656;1764414;1870704;1900810;1583077;1684487;1642733;1900389;1732646;1860886;1544385;1686929;1787884,84;1517200
1823929;1914872;1943793;1843248;1878936;1801237;1748533;1804392;1946807;1683182;1927533;1950658;1729845;1665794;1914055;1641338;1742195;1336780;1950641;1478588;1969844;1897368;1899739;1639531;1781365;1796568,12;1336780
1846587;1845539;2139072;1900932;1908431;1730434;1830399;1797725;1840712;1853413;1940962;1871467;1681106;1694675;1689799;1884379;1890397;1435590;1915142;1877647;1782747;1789324;1941710;1795717;1486003;1814796,36;1435590
1626663;1916828;1931218;1900523;1773295;1842383;1698585;1901588;1871593;2235520;1958879;1915939;1855541;1788251;1687705;1798571;1855320;1502141;1818742;2100688;1660846;2085607;1951556;1823462;1509566;1840440,4;1502141
1934651;1839653;1786323;1834427;1795839;1740273;1761795;1779068;1860810;1806004;1878114;1795940;1934470;1724198;1776261;1910979;1787183;1457323;1748619;1758388;1802784;1784501;1839497;1782493;1527511;1785884,16;1457323
1818172;1887163;1898787;1735299;1710252;1789362;1947199;1786335;1848720;1956200;1897943;1953224;1799765;1903092;1948449;1825029;1693746;1476134;1959891;1966778;1889926;1912475;1872358;1490969;1757452;1828988,8;1476134
1645525;1690776;1898181;1784053;1691957;1686658;2076592;1679787;1809431;1696569;1963915;1744346;1757453;1927663;2063486;1903759;1699631;1370611;1898003;1945238;1848046;1865997;1944727;1710675;1791757;1803793,44;1370611
1824515;1805713;1887626;1943559;1748406;1713072;1839637;1636004;1954763;1910651;1903369;1932648;1933450;1660206;1838144;1938649;1636699;1438112;1923559;1834068;1840129;1783588;2078039;1667629;1646948;1812767,32;1438112
1788997;1858381;2118205;2012977;1899195;1877771;1903843;1847950;1869594;1838235;1816640;1971115;1997091;1625010;1777965;1830308;1943601;1795929;1721794;1974264;1924318;1995776;1864645;1749753;1831217;1873382,96;1625010
1887274;1682773;2011052;1943645;1755789;1887791;1814283;1471944;1951750;1854410;1994124;1843562;1903672;1772321;1915158;1828238;1860906;1519628;1759070;1946625;1855228;1972170;1609959;1811341;1699857;1822102,8;1471944
1823083;1746026;1773746;1921925;1864872;1873363;1743990;1667446;1848932;1626851;1831879;1931786;1680495;1629982;1870977;1902814;1909938;1402623;1931736;1823801;2058391;1595026;1859452;1759828;1713939;1791716,04;1402623
1768112;1704486;1923521;1758267;1884197;1763947;1849260;1672063;1833282;1668860;1836546;1877610;1677378;1868659;1927596;1989234;1836885;1429130;1915406;1825597;1961951;1860711;1944416;1740371;1585630;1804124,6;1429130
1772342;1927604;1846794;1845761;1778026;1759465;2075433;1797256;1973116;1850476;1869424;1810939;1737585;1694092;1956522;2000852;1819676;1686107;1699700;1830271;1856255;1739480;1856111;1757992;1859964;1832049,72;1686107
1752727;1725170;1979952;1732106;1786539;1851614;1968965;1815171;1851409;1955757;2004189;1938761;1910558;1705690;1675719;1766450;1861476;1511539;1864182;1849193;1871334;1809528;1907409;1491378;1983752;1822822,72;1491378
1928990;1901106;2079683;1799122;1719225;1788089;1922179;1785052;1740798;1818970;1976881;1983067;1855097;1682297;1911374;2031724;2124100;1557811;2044243;1435325;1844943;1836397;1816607;1470903;1698912;1830115,8;1435325
1903369;1819380;1923787;1833220;1746356;1801341;1714217;1644737;1991475;1803770;1895604;1840409;1836132;1739922;1861735;1708900;1905941;1435609;1841770;1422080;1902109;1871961;1830272;1470114;1547101;1771652,44;1422080
1897436;1960743;1772245;1988201;1794550;1674974;1688106;1705336;1904789;1841849;1842862;1962693;1425403;1673046;1750469;1748937;1807170;1496916;1901818;1402056;1894215;1820655;1980428;1535104;1625439;1763817,6;1402056
1722538;1894019;1840083;1825799;1725791;1787082;2053305;1663258;1847499;2020395;1852432;1831835;1626690;1640056;1826345;1861535;1686732;1500148;1763638;1660979;1858813;1965395;1914990;1410652;1580406;1774416,6;1410652
1818727;1827441;1783384;1776644;1851531;1843635;2017403;1747909;1788424;1856458;1848974;1803360;1784452;1861191;1631126;1800613;1811276;1483765;1885834;1756169;1926043;1881771;1843560;1435835;1624738;1787610,52;1435835
2007906;1636462;2013929;1750277;1773758;1701402;2010711;1886420;1983354;1802608;1757824;1851188;1928877;1872761;1807362;1984651;1800860;1501967;1831064;1819048;1859717;1760057;1796229;1534757;1580063;1810130,08;1501967
1882768;1821365;1963204;1812326;1737252;1691914;1970714;1718369;1883597;1838945;1811623;1945747;1724806;1786766;1764821;1917452;1779407;1382175;1793890;1528708;1928627;1840513;1824707;1430708;1795642;1783041,84;1382175
1786215;1780109;2162056;2132936;1825823;1839965;1785981;1866212;1610354;1888322;1799280;1825506;1629460;1622259;1949023;1765519;1892421;1416853;1742022;1438721;1909161;1921526;1888207;1586501;1609224;1786946,24;1416853
1718998;1801875;2004204;1957680;1970064;2119786;1900205;1800633;1761979;1746715;1851497;1771529;1703229;1753179;1979224;1883446;1765481;1538025;1542630;1570628;1850976;1777680;1849274;1636213;1532555;1791508,2;1532555
1882369;1707577;1953322;1803512;1804407;1833720;1781810;1794595;1989646;1829674;1885934;1769634;1751838;1782093;1873011;1900502;1902524;1457241;1946227;1564118;1922204;1902484;1740265;1840687;1762600;1815279,76;1457241
1825441;1759246;2014591;1988496;1740216;1669964;1708567;1735019;1847106;1920264;1836828;1833369;1809170;1856199;1946930;2024627;2078924;1744051;1894125;1556538;1899280;1901060;1889621;1728968;1869520;1843124,8;1556538
1666497;1947518;1656645;1833123;1882338;1726639;1834622;1762876;1776730;1948548;1944684;1868051;1743656;1711032;1959697;1879157;1804029;1462788;1826955;1873217;1995662;1658757;1937853;1758599;1686850;1805860,92;1462788
1662565;1777844;1921746;1689246;1738621;1918285;1930989;1809417;1862350;1805307;1814316;1880714;1992836;1873386;1723368;1816852;1941722;1545118;1788754;1792935;1947725;1493591;1975673;1852056;1774439;1813194,2;1493591
1712189;1797408;1879801;1660730;1929362;1874341;1756214;1852953;1859427;1772604;1931112;1728625;1601531;1715737;2020646;1944831;1891100;1453158;1832014;1847657;1918486;1816300;1867571;1726948;1843530;1809371;1453158
1850565;1746657;1983687;1985302;1853816;1868935;1916383;1913076;1872150;1680505;1839889;1920584;1784314;1685596;1966374;1898641;1860313;1455936;1803828;2089667;1864350;1826446;1879457;1452128;1865534;1834565,32;1452128
1884550;1651145;2021703;1943205;1799065;1806257;1858412;1937527;2131010;1938139;1843119;1958131;1894983;1951553;1928500;1741479;1694843;1526447;1806090;2097545;1936740;1831342;1926740;1710123;1931721;1870014,76;1526447
1878831;1872995;1839562;1870821;1784456;1645998;1792332;1747920;1924590;1884718;2022100;1750450;1917421;1767848;1928285;1928407;1863123;1567160;1789172;1764603;1871236;1787849;1852834;1377738;1887745;1812727,76;1377738
1705129;1736255;1921485;1898457;1921410;1822691;1941407;1754711;1868351;1815845;1900809;1824990;1680867;1841935;1833779;1738597;1783565;1534581;2020632;1944308;1847855;1834457;1934167;1477626;1737527;1812857,44;1477626
1743973;1872663;1969456;1762848;1817760;1831390;1900677;1887711;1780771;1756955;2057268;1794221;1828261;1830194;1771346;1889945;1870627;1502016;1826373;1760198;1985640;1844434;1827753;1436396;1816165;1814601,64;1436396
1771620;2010843;1892086;1789004;1641167;1827772;1798479;1674920;1813586;1897211;1898905;1838029;1766776;1852722;1775646;2031836;1942662;2129421;1823746;1408573;1917532;1865535;1979700;1773680;1759689;1835245,6;1408573
2116175;1724840;1925355;1963951;1652588;1758699;1818558;1800358;1461104;1978250;1979575;1914428;1857257;1788817;1759358;1815129;2070235;1494289;1856996;1499658;1742246;2022045;1883709;1439952;1779134;1804108,24;1439952
1737740;1812538;1988409;1932823;1634967;1940424;1912756;1669672;1662018;1933282;2044188;1986315;1932339;1719205;1739267;1928508;1855820;1342634;1796778;1457483;1962997;1967610;1819413;1391848;1662274;1793252,32;1342634
1655301;1854280;2020008;1787487;1960125;1925552;1596875;1831941;1813865;1562891;1984572;1779314;1727835;1826466;1926448;1820220;1834334;1519057;1811071;1546425;2176912;1656445;1848992;1441040;1675848;1783332,16;1441040
1821848;1865810;1840861;1840013;1637774;1801180;2140292;1931056;1843131;1842558;1922631;1700902;1829819;1778276;1837788;1869508;1841258;1822633;1980889;1467571;2077836;1828723;1777545;1418945;1555192;1810961,56;1418945
1792126;1828658;1883493;1629576;1715124;1868602;1889859;1744452;2029057;1814468;1931206;1746636;1866449;1685989;1999423;1871544;1793920;1533567;1852700;1459921;1866629;1761904;1850086;1456667;1627098;1779966,16;1456667
1731578;1725860;2202275;2039363;1773019;1907109;1715161;1895232;1914698;1842640;1987989;2100166;1999617;1875811;1942638;1898042;1704293;1585000;1748082;1412920;1834167;1826034;1809224;1368521;1466812;1812250,04;1368521
1738231;1680177;1975613;1884693;1826916;1759422;1825578;1701858;1820101;1977995;1938560;1705502;1726428;1710504;1767727;1893316;1728398;1364656;1800454;1461157;1926622;1709099;1648254;1543633;1475474;1743614,72;1364656
1856045;1914034;1844174;1767256;1704083;1779081;1831884;1857822;1778176;1607758;1991693;1881214;1736795;1777971;1798658;1741516;1788351;1484053;1877213;1340705;1773514;1852223;2002663;1473114;1601547;1762461,72;1340705
1939206;1945788;1994038;1870377;1711266;1989004;2007210;1750057;1648519;1737815;2025880;1932060;1914697;1865683;1839508;1772378;1925071;1519937;1993420;1367140;1951422;1895518;1739029;1540973;1697205;1822928,04;1367140
1805887;1841306;2049880;1836878;2018517;1982734;1752890;1712167;1772820;1632366;1802245;1938227;1852953;1783792;1777953;2070950;1872027;1451894;1858003;1354158;1852293;1719702;1942345;1523816;1654217;1794400,8;1354158
1818826;1758488;2150407;2002610;1631079;1963877;1894220;1886407;1927989;1890708;1987519;1953540;1612902;1792568;1839362;1797428;1716613;1619588;1792334;1430322;1822193;1838246;1877911;1379109;1590936;1799007,28;1379109
1846084;1712797;1807336;1917602;1619982;1938575;1860162;1814248;1876902;1932601;1833518;1922538;1791268;1739875;1740943;1883394;1751865;1435208;1796026;1802909;1977878;1868373;1849750;1452678;1675230;1793909,68;1435208
1928134;2161959;2008647;1832450;2062557;1389506;1809123;1891825;1948876;1824962;1893683;1918917;1923672;1815227;2041549;1757556;1802667;1606476;1826586;1882772;1899225;1860979;1990775;1931257;1756386;1870630,64;1389506
1850648;1807774;1999543;1761704;1778273;1732722;2050215;1757002;1909676;1694623;2062640;1864845;1717188;1945532;2069857;1909638;1619791;1454198;1858114;1879208;1970806;1857582;1854294;1435768;1869761;1828456,08;1435768
1751834;1875160;1996138;1848960;1832227;1657957;1946044;1721841;1907765;1894892;1872531;1693577;2038495;1808343;1777210;1925889;1715791;1439082;1747352;1677277;1837353;1845242;1891541;1374754;2022009;1803970,56;1374754
1776990;1675527;1854729;1994652;1895300;1662128;1819517;1779034;1702886;1882055;1913382;1790110;1771463;1607820;1799427;1829568;1732133;1841172;1935791;1468670;1978323;1785842;1875740;1546895;1940539;1794387,72;1468670
1740278;1873776;1844239;1845349;1605652;1885635;1837184;1873254;1836555;1788425;1884984;1809403;1874459;1769115;1783005;1957361;1857028;1628880;1791021;1441508;1819949;1835143;1946630;1419859;1715606;1786571,92;1419859
1866629;2075313;1895992;1656902;1712210;1580291;1747728;1740317;1968188;1910440;1951237;1772686;1682906;1686433;1910319;1765903;1954301;1484665;1774673;1654616;1890042;1907979;1974903;1890051;1884680;1813576,16;1484665
1764455;1786125;1836216;1807585;1808470;1646387;1711704;1862366;1902103;1799644;1820237;1739787;1658675;1700915;1887717;1920712;1947713;1433711;1793798;1710147;2001987;2027931;1763985;1687803;1726506;1789867,16;1433711
1861858;1680701;1950293;1807742;1706682;1792394;1861198;1672446;1861182;1834306;1795074;1857470;1908603;1700641;1922215;1854457;1764333;1388928;1732977;1386841;2139180;1909435;1935319;1422884;1553395;1772022,16;1386841
1846784;1842689;1994482;1935965;1630984;1749921;1798939;1760968;1923147;1837512;1936779;1956106;1799563;1572094;1803205;1861283;1786775;1397891;1913306;1437226;1869398;2107894;1894138;1633075;1675348;1798618,88;1397891
1885280;1919352;1844841;1803494;1629772;1686964;1641096;1887724;1764799;1736955;1889391;2008774;1866339;1611250;1783325;1887428;1812247;1506684;1801059;1423635;1793159;1945673;1823009;1469747;1584233;1760249,2;1423635
1896678;1875685;2029480;1828323;1757992;1598783;1894125;1904319;1764081;1854803;1934815;1812024;1805459;1771417;1715425;1848460;1725974;1508185;1965294;1734332;2029813;1737774;2816;1548726;1658916;1728147,96;2816
1965228;1945744;1903579;1785279;1852491;1835659;2002111;1639267;1864705;1892174;2005788;1754101;1691958;1742391;1961979;1814867;1813150;1609795;1980896;1341981;1852120;1940713;1888087;1524139;1810813;1816760,6;1341981
1680991;1806103;1844058;1803919;1735163;1913129;1722434;1846774;1908549;1734459;1881910;1877365;1790843;1750882;1969064;1834628;1934606;1472483;1675289;1389496;1809048;2076308;1798465;1678657;1758313;1787717,44;1389496
1798482;1921790;1957651;2743;1804504;1832059;1671295;1801265;1797955;1911536;1859065;1874010;1715010;1745135;1851060;1873134;2035464;1410602;2048268;1477432;1889227;1895204;1915176;1838553;1725409;1746081,16;2743
1638307;1794153;1931344;1938912;1811407;1613237;1842820;1906750;1727584;1723052;1979723;1807585;1692053;1774501;2000490;1939080;1934189;1515276;1904624;1862500;1775826;1755869;1757609;1732772;2013245;1814916,32;1515276
1773100;2005579;1905634;1879508;1939042;1715542;1708869;1749103;1831983;1646784;2028433;1747481;1851568;1662471;1783240;1891846;1895753;1463432;1707048;1462097;1972600;1795966;1757162;1906842;1799511;1795223,76;1462097
1966485;1890685;2097193;1886164;1829406;1760606;1907702;1583580;1818271;1738999;1956984;1900066;1845592;1598464;1745877;2001323;1770862;1499001;1746073;1537898;1969775;1820296;1930118;1862379;1328587;1799695,44;1328587
1923386;1588383;2063389;1836810;1761512;1820262;1979151;1765947;1714590;1797634;1883399;1890668;1801997;1727780;1873132;1855725;1786423;1492519;1835896;1452395;1922458;1961420;1825086;1620357;1479482;1786392,04;1452395
1808454;1843061;1897419;1985962;1529889;1648628;1784782;1982809;1772685;1867663;1898783;1788520;1881871;1866582;1835251;1981235;1921294;1445591;1744837;1487838;1846750;1950305;1834302;1731006;1672642;1800326,36;1445591
1899565;1760543;2065839;1925137;1565685;1702140;1945464;1735495;1833237;1786419;1957291;1789885;1678106;1954717;1997989;1863101;1920960;1500640;1760872;1556369;1938540;1913723;1720144;1717835;1589967;1803186,52;1500640
1758800;1895100;2005115;2007120;1661653;1819754;1814708;1581885;1891933;1732858;1825597;1795447;2011;1904223;1826250;1944109;2000911;1532874;1888669;1833328;2074694;1664390;1790939;1454590;1606520;1732539,12;2011
2061875;1821560;1939694;1936517;1848935;1650059;1973247;1680617;1987524;1774656;1866633;1720754;1773314;1643841;1838505;1779618;2009690;1694309;1800536;1905311;1883788;1562938;1765348;1912593;1525274;1814285,44;1525274
1867876;1848932;2033821;1791552;1892160;1818462;1877051;1920864;1777322;1859652;1722003;1796412;1876204;1654283;1922405;1782925;1712990;1495281;1910930;1740640;1854914;1933778;1867271;1657184;1537870;1806111,28;1495281
1882838;1944867;1904371;2016226;1833499;1858192;2039031;1748933;1896547;1865774;1893031;1817955;1785364;1657053;1950388;2042405;1877918;1638833;1793686;1678254;1813178;2011855;1883250;1469074;1526473;1833159,8;1469074
1984831;1992426;1936131;1778452;1978948;1650141;1844170;1843028;1903200;1759186;1926770;1754198;1637254;1868485;1900618;1845933;1569697;1527683;1793522;1698472;1877186;1794350;1996158;1471526;1739305;1802866,8;1471526
1865443;1929602;2099240;2031160;1736254;1617021;2055348;1653726;1920988;1830732;1855113;1935532;1810297;1859423;1839318;1876449;1720239;1465433;1758922;1963475;1752630;1869965;1917663;1467329;1814204;1825820,24;1465433
1773762;1766910;1930223;1811148;1863452;1842517;1823256;1730416;1910432;1823718;1989267;1906988;1648893;1706563;1911903;1818907;1817775;1485127;1990797;1768832;2047777;1768549;1830459;1525688;1922690;1816641,96;1485127
2037832;1841644;2025405;1871038;1874972;1615289;1798497;1875853;1786342;1799198;1941984;1797762;1935225;1788639;1840220;1828367;1857014;1489505;1936721;1674225;1925434;1842184;1817531;1712938;1768936;1827310,2;1489505
1773952;1926343;1862048;1732358;1684420;1668841;1951433;1673994;1991115;1636661;2031549;1822959;1807283;1851277;1844886;1790903;1801673;1470898;1936854;1787874;1819200;1980100;1859079;1869741;2008364;1823352,2;1470898
1920043;1715580;2025779;1909783;1625809;1683222;1835055;1841334;1875396;1787623;1757019;1898331;1779341;1761407;1789745;1801102;1766054;1501797;1944844;1745598;1789963;1750435;1794124;1873699;1727214;1796011,88;1501797
1715736;1729918;2153723;1953675;2039623;1615129;2049311;1815384;1883936;1721591;1753285;1842124;1911206;1637737;1793085;1914775;1815965;1526672;1802972;1418946;2008515;1875562;1602893;2028633;1683524;1811756,8;1418946
1791875;1785035;1899500;1844294;1889859;1896155;1892008;1554280;1694226;1617981;1861104;1729756;1842458;1795440;1788050;1921956;2165212;1600131;1688461;1534214;1678122;1930527;1897552;1890174;1718488;1796274,32;1534214
1792248;1781759;2026291;1846772;1915074;1699739;1818726;1935362;1833175;1789116;1940139;1798629;1943926;1720137;1846645;1829449;1815935;1424486;1657165;1499466;1719522;1787173;1834959;1694326;1858433;1792346,08;1424486
1905651;1676201;1945186;1913007;1822915;1759517;1736756;1745924;1824578;1837843;1903402;1927306;1983250;1742884;1982246;1823816;2034548;1446994;1636098;1493522;1884208;1772172;1913030;1448714;1990223;1805999,64;1446994
1891944;1862439;2085697;1779874;1879193;1723655;1861058;1989652;1849803;1815093;1742136;1924363;1684823;1619538;1901461;1758203;1961853;1434983;1802642;1426483;2016859;1907260;1839948;1963686;1424139;1805871,4;1424139
1802932;1714990;1911518;1879129;1915510;1901556;1716602;1801308;1948782;1734581;1876333;1827414;2054799;1661710;1798885;1990837;1860688;1552075;1981114;1398920;1869082;1818538;1874902;1954674;1780906;1825111,4;1398920
1763491;1772101;2020112;1754386;1648647;1849293;1617149;1823279;1851512;1735493;1802188;1693711;1856210;1680035;1869388;1833122;1827816;1393852;1848450;1445452;1879300;1848839;1911350;1777097;1648181;1766018,16;1393852
