398972; 495433; 465307; 412606; 500000; 500000; 442597; 248009; 414738; 500000; 325674; 500000; 351194; 421432; 380109; 486983; 355752; 495564; 500000; 483361; 500000; 237405; 369063; 254893; 300353; 
406355; 479692; 420809; 335251; 500000; 500000; 356570; 226457; 416406; 495356; 318670; 500000; 438412; 434635; 321905; 487224; 425168; 373354; 500000; 474916; 500000; 297400; 347147; 270492; 345583; 
382288; 486778; 410422; 399954; 500000; 500000; 352448; 233198; 351909; 500000; 373980; 500000; 377294; 400219; 338725; 484979; 433428; 385574; 500000; 486072; 500000; 220075; 395422; 263678; 370148; 
411594; 485184; 334097; 389744; 500000; 500000; 363428; 225084; 295042; 500000; 295586; 500000; 388716; 437570; 309164; 480488; 400549; 393758; 500000; 467215; 496574; 210672; 372052; 269760; 411184; 
406704; 493297; 245727; 367745; 500000; 495084; 367417; 212575; 357083; 500000; 281064; 500000; 395397; 420684; 326922; 475547; 385632; 379449; 500000; 441876; 500000; 195525; 411456; 258560; 405619; 
395277; 480819; 333435; 403258; 500000; 495099; 376481; 240872; 314679; 500000; 366803; 500000; 387706; 415928; 277448; 479032; 406367; 341498; 500000; 458580; 500000; 186800; 402273; 492171; 404356; 
393475; 482842; 355744; 382552; 500000; 332334; 381037; 217093; 326518; 500000; 388200; 500000; 343425; 410193; 275440; 475154; 500000; 335740; 500000; 478258; 500000; 211846; 419893; 490855; 418161; 
382431; 487136; 319360; 387762; 500000; 372484; 330335; 211771; 294300; 500000; 371329; 500000; 353607; 436976; 275899; 471921; 500000; 380620; 500000; 483705; 500000; 195677; 379031; 488788; 408164; 
389366; 496845; 347946; 381838; 500000; 377233; 328032; 217047; 320016; 500000; 391117; 500000; 357900; 385825; 291023; 465308; 496481; 391276; 485485; 485465; 500000; 184261; 409067; 481388; 431863; 
411288; 497367; 335306; 360621; 500000; 374888; 343883; 226716; 319519; 389930; 357063; 500000; 292701; 416612; 256354; 432710; 500000; 392214; 500000; 495614; 500000; 211118; 394878; 471701; 408954; 
363258; 488017; 403529; 396415; 500000; 382685; 319528; 230717; 278308; 383173; 387165; 500000; 298626; 424827; 243758; 477460; 496494; 366955; 366400; 493271; 496844; 214886; 412264; 474187; 416835; 
377807; 490822; 343789; 353011; 500000; 404031; 325792; 218800; 291078; 375644; 326550; 500000; 324572; 387210; 261161; 467513; 497544; 390604; 319241; 500000; 500000; 191605; 368540; 374648; 407102; 
370265; 489283; 363770; 413530; 500000; 389508; 348584; 184856; 287965; 382456; 371530; 498072; 311025; 418999; 231420; 465075; 493643; 389267; 353762; 486489; 500000; 217853; 386483; 304010; 432352; 
500000; 495643; 316550; 397325; 500000; 393793; 304739; 165346; 243087; 389391; 380441; 493446; 350035; 368535; 240260; 470038; 492043; 346604; 349655; 491802; 500000; 207245; 416086; 311447; 411937; 
500000; 476211; 346564; 343010; 500000; 406102; 319991; 369464; 291207; 386341; 315024; 500000; 362282; 335773; 349365; 458788; 486996; 375500; 317175; 500000; 500000; 182080; 419377; 284948; 399022; 
500000; 492312; 370514; 357631; 500000; 391242; 308866; 281817; 248419; 408011; 309567; 499745; 298405; 352468; 332988; 301151; 500000; 350100; 359566; 478814; 500000; 188962; 382885; 384987; 407253; 
494425; 495874; 363225; 353692; 500000; 372553; 278550; 199582; 309289; 379841; 335970; 493336; 279538; 275968; 340141; 272527; 495304; 427367; 355604; 491047; 500000; 183930; 404106; 391938; 408093; 
497837; 484677; 283605; 348466; 500000; 425944; 280156; 206127; 280575; 413736; 410746; 485308; 353868; 293139; 345706; 341928; 492740; 355166; 376549; 478741; 500000; 181112; 372282; 384960; 428595; 
494570; 494240; 381872; 383180; 500000; 370998; 272347; 182319; 281160; 409248; 404162; 468126; 350135; 353302; 325087; 309361; 500000; 348645; 335274; 445769; 500000; 237626; 419452; 237284; 428664; 
430002; 475578; 296700; 380059; 500000; 235364; 500000; 250806; 296996; 376687; 414403; 416889; 381811; 372331; 380460; 277677; 500000; 357613; 328405; 458660; 500000; 258240; 379614; 209619; 411758; 
397790; 490948; 298211; 342955; 500000; 490224; 305571; 365387; 297266; 379801; 404980; 398496; 384920; 394105; 360982; 268387; 488926; 312483; 300904; 466171; 500000; 261858; 376841; 242503; 397134; 
386832; 411551; 321530; 384829; 500000; 494385; 251138; 185136; 285125; 402314; 391631; 383536; 391320; 367224; 375647; 247036; 493548; 340874; 338656; 470803; 500000; 289043; 390260; 257875; 391790; 
378419; 340302; 269625; 366434; 500000; 497645; 266935; 205136; 258796; 397520; 403193; 371506; 390856; 354403; 335561; 290030; 493055; 321755; 313860; 468360; 500000; 266956; 382144; 238868; 400931; 
338068; 287365; 297948; 402212; 500000; 497378; 499994; 196590; 273203; 378857; 426779; 379744; 239136; 341652; 340777; 299725; 480501; 448588; 330204; 483060; 500000; 225151; 398506; 206371; 400091; 
371963; 265121; 251494; 324517; 500000; 481656; 491495; 180580; 236199; 409150; 446986; 370449; 330302; 326805; 361952; 269761; 463498; 367800; 348911; 486422; 500000; 218543; 411870; 272204; 388595; 
339610; 234751; 269008; 367902; 500000; 465687; 233599; 181560; 215834; 382731; 375850; 396412; 363580; 400270; 337818; 308194; 378330; 310156; 297012; 500000; 500000; 260550; 369276; 243396; 397559; 
324127; 235956; 207078; 361474; 500000; 421428; 236122; 271139; 430310; 382403; 431376; 389483; 330085; 388928; 351869; 267167; 363614; 280239; 341772; 491050; 500000; 187706; 379237; 225485; 383598; 
333030; 244269; 465429; 370070; 500000; 413990; 249237; 294903; 358419; 383876; 410191; 374226; 364803; 352189; 371399; 250924; 372045; 334387; 348020; 478618; 500000; 186906; 345756; 216812; 408325; 
269953; 216885; 445000; 334408; 500000; 275182; 261257; 262354; 211872; 405668; 394507; 351641; 373678; 316366; 385948; 318121; 270447; 310066; 336794; 485517; 500000; 244960; 371332; 235846; 401203; 
309844; 215524; 362844; 312459; 500000; 363533; 215300; 204800; 205863; 388399; 392843; 391473; 381317; 378756; 379029; 210457; 287729; 306261; 350405; 478444; 496817; 228289; 372353; 240644; 409757; 
257500; 215517; 274775; 339947; 500000; 291378; 234765; 200141; 437764; 385659; 402306; 359704; 348018; 315606; 382841; 260496; 311506; 289902; 324768; 478683; 426751; 217002; 387983; 257748; 402093; 
288794; 209748; 250547; 279196; 500000; 314310; 465566; 292266; 443683; 353077; 315051; 368621; 270553; 326486; 412644; 274904; 329441; 366016; 386211; 479103; 424308; 225979; 366156; 244064; 427374; 
294628; 197292; 258048; 214219; 500000; 333461; 220259; 263449; 193938; 332063; 434538; 334030; 345789; 344329; 394147; 291292; 256921; 298495; 372771; 464898; 376195; 242334; 292308; 283204; 376861; 
276341; 224676; 276350; 231699; 500000; 293349; 206175; 371786; 176489; 352022; 392261; 354026; 372595; 325901; 385935; 241697; 301670; 334521; 326939; 474415; 500000; 219444; 353618; 246130; 395322; 
283073; 219963; 243909; 216602; 500000; 316995; 193673; 178287; 181663; 285495; 342367; 487723; 382186; 378959; 381421; 273453; 285441; 364195; 347142; 485304; 414308; 213204; 276830; 209269; 404635; 
300760; 235116; 240934; 197764; 495277; 272930; 296831; 216839; 197175; 289736; 393514; 338462; 357114; 301517; 380748; 243958; 292477; 339059; 364579; 492314; 396348; 174833; 311013; 213849; 436560; 
286338; 258619; 228672; 214942; 357958; 286660; 213327; 229844; 176932; 307595; 358371; 292259; 376855; 341341; 379713; 285944; 300996; 311585; 317933; 477670; 409273; 232863; 320790; 261295; 422122; 
286013; 274456; 246664; 221329; 318992; 260363; 195787; 269830; 205856; 474969; 326913; 334851; 388390; 331330; 362612; 233247; 233363; 328196; 330456; 486829; 444035; 206038; 289150; 260803; 406470; 
275089; 236431; 247387; 207785; 289833; 284296; 204181; 175789; 189987; 270839; 368092; 246571; 364769; 337609; 396731; 271312; 342233; 357824; 498842; 495296; 500000; 253190; 273652; 262271; 410089; 
296702; 231944; 221009; 191339; 397023; 260448; 193757; 184387; 180730; 293348; 433477; 308485; 406146; 326330; 388326; 261077; 321974; 374772; 493402; 500000; 381400; 217694; 321355; 278626; 414892; 
277567; 263484; 222112; 266948; 413908; 286890; 196489; 256239; 168971; 291643; 347355; 320977; 389497; 335008; 388358; 252408; 242079; 336032; 328107; 500000; 386444; 202213; 265044; 247287; 371701; 
259181; 249943; 239934; 236493; 396374; 289271; 175948; 176466; 195894; 493214; 335204; 308850; 377224; 338306; 396803; 217498; 291787; 299572; 333073; 500000; 402607; 470412; 296834; 248358; 375765; 
265899; 247037; 235747; 216849; 386465; 343347; 164114; 167300; 249274; 400777; 408732; 303684; 350217; 282868; 357117; 227311; 321489; 336685; 292906; 500000; 396356; 322290; 304435; 253653; 418960; 
287045; 236961; 232844; 198487; 388425; 264041; 163336; 200314; 234000; 352910; 354057; 274080; 368733; 320972; 340895; 215364; 344551; 359047; 350711; 486717; 494961; 450275; 315814; 209335; 430581; 
265650; 257975; 237055; 198605; 361766; 263289; 146158; 186164; 227393; 491831; 412984; 487502; 363269; 287048; 351536; 238091; 278236; 315160; 327233; 496165; 491212; 463221; 214993; 288985; 394779; 
241088; 253851; 236543; 211731; 394632; 299920; 170439; 189173; 235695; 464186; 422665; 328195; 348123; 361772; 407346; 259203; 216939; 326594; 350313; 500000; 496284; 492442; 196989; 251627; 360951; 
278319; 289005; 234162; 217634; 362420; 305106; 164195; 184507; 233079; 460292; 413662; 348687; 311676; 330347; 358616; 285821; 311906; 329662; 266081; 500000; 486454; 460185; 247264; 211492; 392535; 
252211; 223783; 232924; 206232; 372599; 289642; 165855; 188280; 193557; 483703; 421385; 490350; 283652; 285938; 361107; 273312; 221971; 319337; 281864; 500000; 494567; 451909; 187840; 240263; 395539; 
274594; 220844; 205090; 187977; 288266; 249963; 185584; 187214; 241024; 322341; 437730; 348016; 371648; 358666; 359133; 264938; 186095; 381193; 301564; 480111; 499663; 471411; 198122; 265170; 390911; 
251281; 217527; 246952; 183113; 252825; 270490; 186133; 201876; 240351; 487502; 419226; 486794; 307995; 350900; 344879; 277343; 189879; 306655; 290979; 495284; 487490; 460426; 212843; 258230; 423227; 
285386; 223814; 214080; 189761; 220818; 303163; 177428; 192434; 251316; 295074; 442939; 457876; 308949; 296545; 355594; 257249; 209621; 332458; 282330; 491144; 489825; 460242; 220862; 249658; 401652; 
276885; 212551; 251439; 208754; 206440; 261167; 170866; 201088; 220381; 482401; 434435; 468367; 368771; 378428; 390194; 238468; 221000; 370485; 295921; 460546; 490443; 465879; 192771; 233288; 417186; 
257642; 212484; 215685; 201148; 208360; 280670; 177742; 217269; 237167; 473954; 436363; 470541; 249933; 310952; 318348; 268225; 216666; 302673; 301414; 500000; 498296; 473219; 208876; 253860; 406072; 
285737; 206234; 253610; 193735; 264167; 294376; 153098; 189510; 196756; 421625; 434017; 473433; 354323; 329585; 362457; 320937; 198193; 288681; 302131; 500000; 500000; 465633; 163024; 276234; 397405; 
269857; 228392; 228245; 205341; 210239; 274867; 162565; 167254; 220096; 306144; 433811; 471698; 289021; 359978; 325901; 258191; 211538; 335729; 290134; 500000; 486154; 249301; 213484; 263633; 419483; 
258292; 206892; 266862; 215986; 203715; 277693; 154326; 175698; 211617; 296776; 427364; 442939; 358500; 283892; 361179; 253553; 200893; 307182; 284889; 500000; 495726; 223909; 188580; 268387; 409788; 
307502; 225946; 235426; 214975; 247978; 281262; 170237; 188752; 171270; 295729; 380965; 460042; 289741; 306898; 335393; 253065; 193094; 306245; 268747; 500000; 486492; 452989; 192121; 252309; 381072; 
265886; 210865; 233449; 195936; 282628; 278283; 182253; 241606; 187548; 256905; 397556; 480432; 338961; 297209; 305808; 283283; 218812; 336901; 289511; 500000; 479785; 459323; 204125; 249324; 409179; 
262021; 202782; 230548; 192627; 238031; 254479; 185785; 183859; 220643; 282503; 382137; 442866; 292499; 288099; 304098; 319218; 210936; 310352; 300369; 500000; 478901; 468332; 217022; 300458; 434033; 
261846; 196489; 217757; 230154; 260483; 295264; 144610; 182368; 199819; 277190; 355185; 460542; 241342; 304570; 325027; 252166; 216682; 316809; 259136; 500000; 310615; 479660; 228406; 264026; 393499; 
309940; 209977; 215143; 186016; 248586; 279352; 165242; 168162; 198987; 303424; 371795; 470717; 322444; 286385; 297569; 355836; 210528; 352797; 252668; 500000; 445699; 478296; 186285; 214888; 403746; 
281950; 187813; 306338; 185390; 246588; 275070; 160055; 172506; 205631; 299400; 325001; 428365; 331845; 272304; 330203; 312136; 177144; 339183; 262441; 500000; 439360; 483670; 191113; 235911; 390526; 
267724; 176128; 258186; 205907; 258431; 262456; 161527; 170988; 221813; 321236; 331805; 481127; 284594; 306487; 285130; 314405; 189519; 320647; 247096; 500000; 487759; 478914; 222629; 243832; 398561; 
263499; 175063; 263031; 175250; 209048; 264184; 192533; 206277; 208327; 284505; 375477; 459988; 316397; 304965; 301776; 390694; 222975; 306910; 215420; 452059; 460409; 481477; 203919; 224265; 406782; 
256004; 187070; 219678; 214930; 190189; 266692; 154774; 192155; 210478; 248658; 341212; 460766; 269880; 272229; 319124; 336056; 215534; 301421; 240245; 500000; 492605; 453522; 179167; 195073; 410090; 
260459; 200285; 281849; 198548; 256801; 261604; 190819; 206237; 194469; 243146; 415926; 475494; 242376; 311622; 314704; 334735; 318174; 351238; 190161; 489396; 450321; 452337; 176550; 237097; 431615; 
275065; 197169; 246776; 187539; 235069; 272088; 176219; 180360; 205781; 255256; 339460; 446971; 285886; 310874; 326079; 364501; 193643; 337321; 176776; 500000; 190434; 459420; 193709; 230074; 405966; 
271167; 203076; 246284; 184129; 300869; 262257; 183922; 152697; 212688; 239534; 427097; 435195; 268194; 282031; 290595; 389785; 219961; 316738; 181995; 470605; 387191; 469431; 218149; 212822; 390941; 
216901; 203394; 274391; 165683; 217900; 287377; 160199; 164814; 189378; 242022; 413413; 173088; 249033; 223523; 320918; 378132; 183347; 390401; 184054; 421791; 370765; 462163; 198105; 214192; 424730; 
269078; 186128; 245061; 178296; 217870; 284793; 171421; 194522; 217248; 222707; 424238; 230447; 194562; 258027; 316151; 356518; 208360; 371269; 195772; 427689; 323218; 471783; 207766; 244243; 391576; 
321042; 200584; 252798; 188542; 178130; 312244; 161260; 214410; 242370; 225020; 423102; 436336; 260253; 298069; 267984; 341831; 196186; 318611; 180434; 408912; 322227; 259988; 220551; 222814; 408619; 
278607; 184070; 251426; 178526; 187904; 224264; 176449; 171998; 255545; 235163; 429767; 425630; 257651; 316344; 285131; 330867; 209710; 275500; 184085; 417107; 267718; 478125; 192727; 212030; 390666; 
247413; 181511; 235204; 202450; 177136; 240317; 152493; 160952; 190137; 244830; 428595; 412880; 325154; 266301; 314590; 301715; 183141; 317494; 179393; 399125; 239741; 488189; 211887; 257748; 419477; 
230944; 174174; 238687; 177400; 191492; 264549; 172577; 180254; 219912; 236691; 439079; 426569; 315740; 255170; 276369; 317987; 170938; 301424; 160947; 394658; 194074; 468472; 201653; 199403; 392388; 
233415; 154179; 247586; 184123; 194194; 270528; 186751; 183608; 195447; 245162; 422338; 409132; 344043; 263880; 294595; 304644; 199846; 343262; 179958; 361481; 277320; 275672; 213686; 185499; 411685; 
262332; 182262; 247190; 198038; 178412; 253720; 174779; 183866; 189748; 234171; 435894; 425609; 337524; 262195; 269100; 295931; 174111; 310076; 170724; 350266; 287533; 487730; 219011; 211006; 419011; 
225775; 171530; 251708; 173979; 198160; 260428; 166557; 160153; 210983; 240788; 411832; 387533; 339298; 289048; 274788; 328669; 221292; 305870; 185730; 405984; 245874; 462969; 224230; 188154; 403903; 
246632; 170151; 226682; 218192; 186950; 227131; 154291; 164867; 173903; 216694; 435716; 388549; 362418; 245602; 312556; 316683; 180436; 320903; 159593; 337617; 283029; 460838; 215570; 189484; 386186; 
262504; 182412; 242624; 213262; 164126; 229494; 193187; 179213; 209494; 245191; 409483; 341206; 316558; 250381; 294952; 320430; 206009; 384366; 174720; 417092; 252373; 444143; 272989; 190788; 401677; 
225165; 172558; 252824; 191935; 192653; 253944; 204986; 145457; 191300; 228056; 389451; 403805; 357508; 251804; 322350; 299824; 191405; 338449; 177478; 416263; 285530; 491574; 227175; 205978; 386702; 
204828; 178226; 239493; 195932; 184857; 274198; 151102; 149855; 195296; 215552; 415591; 415313; 375749; 245281; 321239; 337719; 178793; 363530; 186572; 408700; 257926; 468804; 171223; 219870; 374477; 
267510; 166126; 252543; 177875; 180302; 256233; 180024; 164501; 229543; 248881; 417945; 346194; 273146; 201202; 307742; 337510; 210228; 327394; 186140; 416212; 254860; 455332; 183978; 196396; 405888; 
253143; 175302; 245674; 174048; 185201; 234859; 222538; 186603; 197488; 197071; 428581; 297449; 369688; 212953; 343064; 325306; 182235; 308064; 174464; 442233; 233899; 452171; 185124; 202417; 421969; 
256294; 170553; 200932; 187571; 164032; 240331; 173661; 145610; 238634; 151719; 425419; 336796; 338355; 229234; 310539; 326407; 182540; 302669; 148896; 413814; 262440; 453728; 215813; 188209; 412165; 
198897; 182741; 243543; 173645; 176773; 232898; 190821; 149911; 227693; 179847; 446137; 374888; 295632; 211856; 321627; 345969; 168011; 260619; 202181; 442792; 264158; 456725; 214855; 188877; 414377; 
238255; 165274; 214150; 190670; 184132; 278506; 167975; 182282; 171301; 168154; 446036; 388389; 294362; 188064; 308799; 327335; 170251; 259746; 184390; 433282; 349600; 184418; 223215; 212106; 420869; 
193752; 166765; 212044; 161273; 162812; 210693; 183045; 168307; 247188; 176711; 428221; 379147; 317882; 187010; 304918; 305783; 185935; 225146; 177124; 429902; 349575; 475202; 221965; 188953; 404818; 
211844; 160753; 196048; 179125; 171404; 259472; 178825; 191200; 213093; 154494; 390636; 268591; 286290; 246406; 301674; 251836; 193682; 224519; 168578; 411090; 280931; 491339; 202981; 166847; 386086; 
211592; 187292; 209954; 178492; 166857; 214642; 173188; 182002; 216768; 175044; 435662; 182858; 313435; 214498; 328847; 343491; 285212; 224793; 170964; 412193; 274517; 448902; 197933; 187361; 417511; 
223496; 184565; 164912; 192856; 181918; 206406; 177183; 165744; 157962; 181158; 445494; 250866; 345622; 207912; 325266; 328448; 203027; 220739; 179747; 378894; 252051; 459197; 217409; 157572; 409790; 
217902; 181483; 184184; 172976; 160039; 202703; 167016; 172843; 190999; 186282; 441159; 287353; 263376; 170467; 341545; 352267; 203555; 227473; 169308; 367233; 272345; 200261; 257362; 169276; 422082; 
252172; 188994; 185693; 148141; 174053; 194492; 162866; 186909; 188906; 183481; 441284; 266756; 255106; 154435; 304038; 284470; 166596; 224692; 175856; 435861; 268165; 485463; 229053; 176181; 427603; 
222156; 181409; 198095; 164702; 176787; 181908; 155825; 182370; 178977; 175738; 352512; 280371; 287232; 159623; 296916; 256532; 185969; 219413; 156539; 371497; 236474; 208440; 197378; 176175; 411834; 
213583; 186202; 184323; 176542; 151838; 176190; 191188; 152028; 192348; 174048; 399833; 286511; 320504; 162922; 300247; 284370; 185094; 262004; 188138; 417255; 238696; 469406; 205877; 187158; 423342; 
216616; 178808; 169727; 189354; 181425; 185028; 173358; 169744; 168625; 170721; 452790; 329934; 265187; 174150; 299334; 370459; 190825; 236676; 172145; 367837; 263350; 465003; 241884; 172319; 402609; 
228626; 170500; 165535; 188880; 164137; 182381; 178321; 185186; 192538; 190410; 467669; 330851; 296292; 180859; 273614; 326843; 180303; 251179; 169991; 310607; 248906; 207548; 215907; 166783; 407608; 
179731; 159182; 183466; 158527; 177936; 164445; 161675; 157987; 176282; 167564; 445056; 338254; 256234; 180766; 313754; 332210; 155316; 236183; 170739; 263957; 259043; 198756; 199257; 189743; 389006; 
202062; 166054; 183018; 176722; 144831; 174415; 179045; 184781; 168276; 180650; 435580; 272168; 290826; 173610; 289731; 262208; 168291; 212559; 159480; 272348; 245786; 469731; 184167; 159009; 420805; 
224505; 183710; 185365; 176089; 171621; 170947; 192990; 164792; 175068; 191227; 434985; 314757; 310913; 166043; 325949; 321131; 191694; 190611; 156827; 257690; 259913; 459152; 186984; 168782; 397849; 
181172; 180533; 165445; 170303; 150195; 183826; 163812; 169694; 177659; 176945; 450941; 349065; 282643; 159626; 285217; 322673; 158806; 213932; 170809; 274547; 269464; 478598; 198245; 171271; 400688; 
180506; 187647; 161358; 165667; 193904; 208230; 171733; 198595; 175582; 156714; 419305; 338019; 310943; 169698; 306860; 338519; 217880; 199023; 181125; 270565; 260597; 468961; 209751; 168927; 429958; 
197643; 182966; 179457; 172351; 167167; 183790; 183429; 197897; 178218; 184428; 430801; 300724; 243684; 197496; 256054; 290326; 162377; 215660; 158751; 200308; 259837; 459959; 229095; 156065; 391877; 
200290; 179934; 169175; 170080; 155308; 193641; 186204; 173118; 181094; 193873; 463088; 239320; 307139; 136680; 254854; 354861; 158379; 304373; 151596; 226397; 245415; 447454; 219803; 183735; 411132; 
215731; 178546; 148871; 173584; 197987; 157034; 158494; 162756; 194157; 163693; 384789; 306344; 258578; 193739; 239051; 374034; 180386; 175813; 148396; 184307; 240440; 464143; 182180; 184071; 425673; 
195836; 166889; 176525; 162787; 185583; 189427; 155283; 148637; 186544; 167538; 414719; 243665; 301848; 186637; 294050; 276559; 173119; 182100; 155442; 197454; 231369; 454192; 195361; 148855; 400459; 
192872; 162002; 171166; 160215; 171844; 176527; 166080; 196905; 200282; 175386; 390147; 263784; 273851; 160612; 272017; 351295; 153747; 165442; 156075; 181689; 245825; 473499; 222568; 199483; 404934; 
196669; 170078; 182817; 165852; 162468; 168070; 192754; 162047; 193372; 173522; 366172; 267327; 321297; 178799; 290046; 249589; 178219; 170502; 183157; 180710; 253517; 480338; 244412; 166462; 399968; 
174263; 139910; 165456; 162788; 200150; 176751; 165676; 162398; 214084; 188887; 374444; 298725; 256769; 175593; 304085; 287048; 175054; 166785; 181001; 171358; 286718; 472153; 208808; 173900; 388730; 
208393; 160375; 159006; 186406; 140151; 166354; 150625; 172996; 212368; 173886; 294571; 288360; 301620; 133062; 309066; 255350; 171469; 204411; 176916; 210519; 328302; 467238; 177409; 136683; 416354; 
185240; 179363; 184833; 163900; 146714; 168239; 182828; 148754; 202369; 186953; 320201; 276030; 276815; 192287; 308953; 239006; 174058; 174537; 147940; 189845; 297553; 477010; 199264; 179939; 408289; 
151627; 160432; 139259; 166576; 150168; 153008; 171370; 151223; 189231; 175154; 366841; 283723; 238562; 172575; 304926; 278677; 151678; 164283; 146675; 175027; 217433; 471729; 214289; 175438; 383568; 
202758; 177268; 179380; 170389; 195117; 153190; 183163; 187676; 143037; 185212; 404689; 299162; 255561; 149872; 294895; 266060; 182810; 176725; 150478; 162985; 240781; 463051; 205706; 174452; 421274; 
187240; 180153; 176744; 176829; 191458; 170751; 168156; 201283; 189623; 180595; 444000; 302406; 244115; 162986; 319113; 288405; 179687; 174298; 143548; 158185; 220962; 483603; 211762; 161151; 436630; 
174038; 163818; 156174; 150666; 179796; 161785; 181994; 171383; 149853; 170149; 419162; 261159; 304923; 134776; 288520; 311428; 168757; 154724; 191632; 164005; 258419; 451935; 208049; 174224; 405672; 
178206; 173066; 144167; 159960; 184795; 162838; 163706; 149549; 143723; 212745; 439199; 230518; 245828; 150357; 297025; 311389; 182079; 167990; 175426; 184335; 248416; 472578; 197036; 196486; 387921; 
161230; 182149; 177932; 160316; 165121; 185883; 171877; 175596; 149132; 186676; 392109; 270096; 258466; 130525; 266570; 286253; 184371; 166888; 152455; 149569; 245208; 487404; 205501; 146269; 397825; 
140715; 127653; 144689; 154113; 168128; 167008; 166541; 158453; 179668; 184728; 440649; 269640; 271300; 146256; 267490; 278668; 172774; 172398; 175951; 153378; 239081; 487933; 229091; 175434; 405490; 
177644; 160436; 169560; 156998; 169223; 162781; 159339; 157510; 172538; 183012; 465166; 246710; 272181; 186084; 278302; 341233; 201900; 136938; 140102; 197105; 285019; 466792; 203843; 182147; 400290; 
221999; 189376; 184105; 175974; 166182; 158083; 164263; 168175; 199133; 151502; 452332; 239912; 364638; 143504; 289349; 296943; 167062; 159355; 157488; 185297; 296708; 226604; 210979; 152498; 413272; 
172273; 171665; 160412; 161978; 199828; 160319; 176254; 189774; 159803; 153557; 448959; 255454; 284946; 141696; 303130; 261293; 178107; 176606; 150884; 155929; 276015; 466257; 213664; 158534; 400105; 
166691; 155176; 159571; 152695; 164158; 167414; 131861; 196849; 178410; 159911; 437822; 239077; 309558; 180310; 293554; 279783; 184213; 169664; 171531; 164665; 242837; 462858; 240180; 194872; 393587; 
156164; 163228; 178388; 192891; 161161; 174007; 183359; 174098; 175916; 168448; 430172; 263068; 251055; 159716; 281525; 256090; 186526; 169304; 179720; 136631; 262481; 445666; 176103; 177739; 413607; 
153348; 163704; 187650; 148889; 174304; 180898; 169946; 171981; 139383; 156758; 437243; 231821; 323285; 184322; 290784; 248932; 174447; 157048; 155394; 153759; 237947; 463570; 202341; 157598; 396555; 
175815; 154065; 167806; 169256; 170350; 151416; 157125; 172361; 166722; 150089; 446994; 247976; 297753; 190590; 276798; 350057; 172788; 156564; 192632; 165604; 263351; 469115; 194403; 177326; 442113; 
170045; 173764; 163218; 184375; 153281; 172569; 171976; 182998; 169851; 175558; 442533; 196904; 302281; 138639; 300283; 384822; 169353; 182169; 172010; 130859; 261182; 432900; 206142; 155558; 414348; 
173257; 152976; 158218; 178617; 178321; 177560; 205819; 156407; 155792; 166035; 429935; 203778; 329084; 175055; 291151; 378610; 168488; 162513; 148548; 182672; 285114; 389815; 210387; 188635; 406661; 
139783; 151990; 175242; 165161; 146812; 166571; 179041; 158338; 171545; 146325; 429478; 316070; 353910; 162949; 282146; 341916; 156737; 165944; 178670; 212178; 238417; 430776; 185677; 185103; 396138; 
206635; 177935; 156174; 157735; 156202; 137017; 168199; 151780; 184993; 192181; 443164; 394173; 230226; 178936; 267039; 317882; 198272; 166178; 182411; 179972; 250667; 416428; 201182; 195846; 405166; 
165159; 172501; 176215; 177262; 180861; 196592; 157570; 161646; 177940; 173179; 450140; 254887; 273230; 164208; 272148; 238673; 181576; 151719; 172360; 157789; 259625; 472349; 163448; 156662; 413827; 
163735; 180147; 163675; 186890; 164914; 159204; 171183; 164994; 210727; 162111; 428621; 421796; 241457; 144854; 266958; 265843; 176311; 142790; 153657; 156864; 274653; 468631; 238149; 170395; 409541; 
181475; 158117; 152995; 208707; 192061; 146826; 180403; 154990; 199317; 175376; 435109; 429536; 348594; 158515; 282348; 329924; 189218; 144068; 174295; 148695; 272460; 224098; 200643; 171247; 430345; 
170409; 158995; 150522; 190835; 178382; 186137; 147057; 162065; 182434; 196910; 430577; 377541; 363033; 173756; 262515; 282396; 200452; 182568; 151110; 144928; 241316; 467193; 191095; 155061; 398699; 
164139; 141695; 164955; 169357; 174910; 166839; 158845; 182251; 158385; 171225; 434228; 396695; 347468; 190202; 266329; 303547; 170312; 168242; 158178; 142588; 178984; 468844; 212602; 181399; 392267; 
201088; 151065; 174281; 176533; 164692; 155137; 169940; 170645; 159909; 149236; 430862; 303605; 271960; 214079; 292795; 285292; 158911; 150595; 150425; 158888; 207902; 465838; 184702; 169486; 399493; 
156094; 132956; 178214; 188208; 174789; 159058; 187632; 182607; 175556; 164972; 417885; 236451; 358192; 159142; 296300; 344075; 161713; 166831; 161925; 149883; 259521; 230719; 204214; 190549; 407814; 
208996; 155438; 148735; 175788; 181059; 159783; 175604; 174528; 180392; 148504; 443094; 341610; 321698; 167923; 278254; 345555; 146610; 183288; 149334; 143102; 243740; 213382; 253770; 186431; 413906; 
183532; 217727; 183411; 171652; 171785; 157074; 179943; 176555; 164247; 186718; 440534; 288457; 308205; 155256; 300036; 393712; 198682; 163523; 175798; 170844; 233802; 238901; 227590; 166698; 399125; 
152302; 176180; 157118; 171422; 158474; 153513; 158713; 198245; 153931; 153478; 445693; 250999; 280810; 167772; 265688; 321669; 217981; 146256; 160873; 154816; 215442; 435624; 210123; 155178; 410010; 
164630; 187327; 137565; 174757; 194982; 163869; 169617; 171830; 167142; 158592; 426461; 260512; 309323; 133384; 299658; 264734; 141347; 159468; 191912; 164862; 208632; 472497; 221141; 174708; 413227; 
166254; 168666; 174168; 179718; 163321; 158792; 186022; 185620; 179608; 148131; 426032; 187063; 271140; 171545; 305743; 322231; 172701; 160405; 142479; 173006; 232615; 485018; 219410; 195696; 395402; 
180179; 143017; 140347; 158847; 182675; 157945; 174165; 162606; 183606; 161342; 449285; 310250; 374088; 182843; 315212; 310803; 173467; 146368; 151098; 151723; 254484; 463207; 246764; 181989; 379317; 
187654; 175273; 154951; 171975; 169561; 176720; 158394; 157993; 198885; 152759; 460960; 361898; 262487; 151507; 301161; 330870; 183386; 164262; 201351; 161083; 246884; 455893; 213698; 153371; 370504; 
183184; 184991; 172972; 175535; 194927; 158793; 161203; 181890; 166414; 144396; 447298; 372280; 266518; 169585; 273453; 303228; 158823; 164395; 172159; 153911; 193998; 478560; 216059; 138974; 376783; 
205552; 146596; 156637; 184326; 161202; 159872; 177763; 193151; 172473; 205790; 418796; 385920; 316499; 160489; 278323; 317693; 170328; 167757; 195271; 146703; 226912; 469619; 203427; 170109; 391203; 
188809; 176350; 158532; 165567; 142128; 166758; 195839; 176593; 171883; 165201; 427991; 358352; 281125; 169078; 310528; 281790; 170716; 156059; 208723; 164772; 221164; 476642; 240319; 186160; 357644; 
164141; 167076; 166976; 168457; 163896; 165584; 181431; 160693; 184798; 166252; 411539; 188612; 260883; 146149; 296301; 287688; 171905; 193478; 135208; 173165; 273577; 482767; 203940; 163262; 407941; 
157202; 153765; 189230; 159064; 162466; 160082; 170346; 174738; 174266; 185404; 403824; 396401; 339237; 178631; 268091; 330969; 163765; 172092; 180232; 153937; 238237; 479072; 241177; 149720; 416555; 
178876; 173698; 167252; 170882; 175565; 168781; 161646; 144443; 154428; 168707; 412223; 380259; 338503; 163575; 302635; 345220; 162441; 161557; 140932; 158652; 238969; 224784; 266483; 171151; 380987; 
145735; 167840; 152936; 161872; 152174; 200997; 154022; 169312; 193218; 154174; 446673; 366430; 335845; 167441; 250693; 272788; 142899; 168993; 184183; 183828; 211143; 460658; 210445; 173522; 391661; 
178345; 160231; 148232; 163792; 157581; 154378; 165035; 226223; 141656; 158185; 453340; 374708; 263726; 175560; 314349; 368111; 172022; 156154; 146418; 175322; 224307; 451444; 237915; 170892; 390713; 
180996; 177721; 170791; 189002; 174569; 145651; 159226; 145010; 193029; 175360; 444443; 414494; 334226; 139124; 305866; 301513; 160266; 185007; 193509; 163675; 234234; 468148; 183572; 178003; 405666; 
153076; 194238; 186339; 196087; 190606; 152091; 197719; 169291; 215295; 178113; 448237; 405754; 282597; 150350; 285128; 300425; 151406; 160370; 176145; 166492; 202102; 248528; 214792; 174363; 347949; 
183345; 161941; 184780; 134944; 196835; 156899; 182280; 160828; 178684; 155773; 423401; 250887; 295453; 152198; 260671; 290976; 172084; 167942; 160463; 153670; 257558; 238236; 222362; 157271; 388434; 
156158; 157351; 174486; 175543; 167239; 156831; 193708; 197665; 148209; 168733; 428670; 323184; 276241; 159733; 263168; 331889; 161038; 173971; 156407; 148496; 231734; 470568; 232471; 160026; 408683; 
204136; 165520; 173361; 138023; 176628; 155370; 146511; 167174; 199774; 148545; 414944; 213426; 278513; 149346; 285823; 304323; 164206; 166733; 179485; 171694; 234670; 459745; 180128; 162173; 362052; 
188776; 180243; 141627; 175787; 156476; 150282; 169170; 170648; 163926; 152558; 456257; 316542; 270117; 177294; 275558; 279460; 196046; 180734; 186397; 155508; 189401; 487288; 186569; 166243; 414370; 
173149; 158673; 176541; 179263; 166943; 154229; 192212; 169979; 163972; 161423; 452140; 287235; 237927; 174541; 258979; 306470; 171288; 168879; 170199; 156049; 222745; 478800; 197110; 174225; 395221; 
158332; 195950; 175005; 202376; 164793; 148631; 153049; 155653; 158756; 170340; 426298; 256041; 319930; 176022; 303526; 332516; 148357; 178931; 150089; 153220; 245135; 242074; 198549; 193486; 370479; 
160029; 147335; 170191; 161717; 164189; 165019; 166413; 126121; 168151; 170398; 426018; 240407; 358330; 163105; 292424; 348368; 177839; 167710; 155351; 184858; 231280; 478492; 210583; 193204; 423953; 
173682; 160681; 160221; 147553; 165388; 159678; 161180; 230480; 205434; 176920; 437991; 251298; 375000; 183203; 290391; 257578; 174323; 176030; 162724; 171325; 210028; 463125; 210682; 179466; 374119; 
179755; 138910; 160658; 157385; 243742; 158665; 160101; 162202; 166383; 186607; 449498; 217520; 302926; 158815; 268478; 311288; 180708; 172511; 175638; 178109; 220822; 475058; 193539; 164910; 378267; 
159114; 186024; 166487; 162241; 205939; 170157; 188497; 155959; 205045; 176274; 431335; 249197; 281597; 164588; 292600; 291644; 184171; 184556; 153174; 147441; 216794; 458319; 212235; 166976; 417693; 
193270; 176855; 165632; 188546; 159148; 159148; 168336; 196505; 171207; 140088; 433615; 261770; 315786; 140835; 325027; 256079; 170359; 162198; 172657; 154377; 228151; 468734; 218731; 198177; 373228; 
181154; 171716; 189042; 195746; 162020; 159561; 165242; 194028; 166994; 149208; 396205; 267379; 309467; 167512; 288839; 228671; 158385; 149628; 160443; 153553; 204358; 461788; 191878; 168805; 412014; 
175431; 202108; 168233; 203719; 174187; 173953; 141433; 187122; 145593; 177602; 413340; 243649; 305909; 194420; 328870; 239455; 162409; 167021; 203062; 155714; 210225; 444087; 187569; 156155; 373209; 
156666; 178305; 139915; 154316; 194772; 153915; 198733; 181970; 184147; 187495; 427812; 253298; 384399; 145730; 314336; 284316; 191723; 193537; 183401; 186274; 174115; 452585; 212796; 202716; 402078; 
178920; 187513; 185228; 162381; 178524; 174622; 174990; 166460; 153909; 158525; 451626; 270151; 309304; 139600; 291815; 310850; 188191; 187002; 199233; 145640; 215262; 464326; 215010; 179321; 376482; 
154728; 176859; 137709; 183259; 194001; 172747; 180843; 152436; 177989; 168340; 413244; 318520; 258874; 146650; 345680; 303934; 191284; 172977; 166036; 162010; 251630; 473472; 203867; 174497; 352286; 
201334; 163685; 191310; 183486; 166041; 176283; 209965; 174332; 134998; 188568; 411455; 342009; 362443; 175358; 298842; 347366; 151899; 159243; 200343; 165239; 236125; 236355; 193501; 174709; 411658; 
164928; 170791; 166108; 204232; 181389; 139059; 164202; 162216; 163572; 138905; 434549; 266323; 355734; 201889; 296174; 302392; 132605; 175830; 179056; 182849; 228040; 471557; 205171; 175556; 396417; 
172726; 156943; 199036; 170683; 186806; 162705; 168757; 168368; 186747; 172059; 449242; 262274; 298393; 171961; 274137; 257017; 186069; 155174; 174150; 180606; 203475; 445453; 208672; 176037; 387975; 
180384; 163207; 171336; 155755; 192338; 167588; 174687; 165925; 174461; 195354; 407463; 246810; 345222; 147538; 262307; 233824; 168734; 183738; 160271; 162619; 214542; 468775; 222242; 184497; 416305; 
181227; 148789; 168766; 191516; 172109; 152193; 194237; 195930; 150258; 192502; 431796; 267136; 307389; 201211; 316389; 251861; 178781; 156898; 154021; 155848; 234895; 200039; 206695; 160911; 379528; 
174525; 143154; 195409; 188010; 169552; 147390; 200221; 176010; 169501; 141150; 416918; 197066; 233151; 160975; 304987; 271345; 169069; 168415; 207257; 176742; 235457; 455467; 192408; 184990; 406283; 
180536; 167228; 153166; 159922; 181141; 166955; 151832; 161374; 181195; 146619; 395148; 222595; 279548; 170285; 285538; 270035; 167659; 149879; 175321; 131492; 237315; 470980; 213946; 154114; 399548; 
193368; 140151; 169442; 169194; 154986; 176229; 178180; 200003; 167479; 197303; 420139; 238968; 248269; 190960; 289865; 248240; 158233; 173635; 158429; 173353; 242924; 476492; 187862; 157849; 408944; 
163386; 172841; 157333; 155943; 181542; 184999; 153717; 169174; 147788; 186622; 393865; 264628; 247126; 185443; 315490; 244089; 172347; 155497; 181767; 167261; 197827; 258012; 180057; 175986; 413078; 
192645; 163750; 168360; 177007; 207436; 158925; 167143; 157874; 170363; 141069; 425199; 283216; 236729; 182370; 334888; 261615; 154023; 182643; 175976; 154409; 229599; 233691; 197725; 186871; 392726; 
191914; 127649; 192992; 133541; 197781; 169782; 174735; 171632; 200317; 198260; 413482; 260722; 273975; 177519; 301921; 327939; 202063; 172491; 202576; 199170; 178406; 470793; 202750; 172039; 417339; 
154549; 164162; 162464; 177774; 154467; 155090; 169338; 199721; 179287; 167590; 426572; 253642; 307300; 194393; 292447; 265115; 158481; 156918; 187718; 167396; 175453; 485883; 230564; 185923; 401848; 
193835; 145418; 141103; 195536; 190426; 164232; 152292; 166040; 170400; 136625; 405688; 240160; 291199; 176215; 319157; 316329; 154761; 171206; 167696; 180668; 210628; 470554; 182896; 169624; 390583; 
184330; 191596; 161405; 165954; 173539; 182448; 169301; 140013; 161110; 185179; 417168; 243730; 305282; 174145; 323867; 298748; 163503; 150103; 155827; 182127; 220250; 472060; 187342; 170805; 412566; 
159923; 209345; 186903; 209488; 180917; 171100; 181192; 203084; 158735; 179882; 416892; 275313; 368212; 169719; 299139; 291306; 180233; 145688; 167587; 165417; 233616; 485870; 188564; 162383; 418136; 
150350; 150420; 189753; 152756; 184975; 179104; 156685; 159552; 166720; 181304; 432458; 280854; 309869; 160483; 291013; 268274; 176271; 156866; 171047; 167464; 187189; 468332; 227276; 154579; 384567; 
159770; 162029; 175897; 143319; 155988; 157778; 178880; 149003; 163000; 178740; 415039; 332097; 383459; 162353; 305807; 377725; 161150; 194104; 182977; 189028; 178370; 454507; 203691; 186659; 406197; 
167901; 183241; 158250; 191950; 161314; 167157; 156856; 189634; 161241; 174613; 420125; 397779; 254688; 181560; 328831; 265389; 158354; 210533; 169287; 171220; 228535; 457333; 239131; 171278; 375713; 
213916; 186305; 202069; 160572; 203994; 173207; 189226; 175371; 157290; 172233; 436269; 264787; 233589; 157263; 335504; 363163; 171973; 166044; 183439; 171493; 205546; 453393; 184517; 207312; 388799; 
176584; 163314; 186519; 160899; 162990; 172446; 180989; 200424; 169146; 166582; 396073; 211649; 318293; 179279; 339993; 293205; 185194; 157232; 215736; 181046; 247973; 449831; 214321; 167353; 384665; 
174375; 193637; 170836; 165766; 180663; 130390; 184620; 174675; 173833; 157279; 400627; 335128; 324618; 219548; 320244; 243051; 178215; 199909; 175249; 170418; 197868; 440851; 221607; 164260; 402092; 
154952; 176456; 162758; 147449; 141126; 145337; 204954; 187723; 174207; 180225; 421425; 332217; 292379; 167767; 299109; 359996; 184567; 178157; 155229; 154329; 231120; 430525; 200529; 160270; 389735; 
176430; 210790; 162277; 140261; 153188; 183278; 156188; 172511; 188481; 157192; 398938; 357590; 247627; 174376; 274370; 262375; 177027; 167863; 168533; 195517; 247330; 437491; 219822; 169489; 422470; 
168882; 192410; 177234; 201849; 152508; 154615; 189552; 181600; 170975; 203649; 423061; 207314; 271669; 181865; 288499; 290794; 162433; 165175; 170869; 156253; 204379; 471685; 237084; 158477; 413433; 
182015; 185995; 147158; 199266; 175542; 198677; 159983; 149704; 215840; 177141; 439223; 275308; 233095; 158022; 286220; 300819; 159977; 152045; 179852; 171523; 205025; 455605; 181139; 152745; 369347; 
178569; 143626; 175193; 193211; 190037; 156429; 182727; 189724; 163511; 152962; 405039; 242766; 306817; 179769; 291149; 322116; 177445; 190112; 172565; 160264; 231260; 476387; 183900; 167204; 377005; 
209085; 198470; 188064; 184427; 174840; 140359; 180236; 194308; 188390; 181988; 437067; 220499; 296290; 201785; 260968; 327574; 163151; 153832; 170286; 193899; 224958; 452406; 203806; 147175; 416120; 
187650; 176124; 212479; 150035; 144822; 171448; 150468; 190041; 155790; 192654; 462789; 254772; 355072; 153664; 329463; 367545; 200273; 175672; 170153; 168531; 252786; 492555; 222884; 138333; 394840; 
184713; 168246; 203083; 200371; 172503; 169798; 151243; 192768; 180991; 166754; 425142; 207161; 345252; 152069; 277098; 297916; 222104; 202576; 192882; 169860; 242608; 470997; 198663; 156124; 394406; 
171814; 201238; 190741; 185059; 147820; 159318; 173791; 183235; 196468; 150464; 381546; 285197; 314743; 205277; 284715; 275171; 159347; 164916; 165483; 168246; 254795; 487069; 206412; 152447; 432146; 
173921; 161818; 173417; 164384; 169742; 183180; 182531; 196486; 161929; 190960; 432657; 255795; 318545; 168295; 292757; 280201; 159037; 158063; 182252; 171147; 240169; 471264; 176243; 164229; 419773; 
162119; 148212; 181593; 165883; 150119; 155035; 161592; 166253; 159272; 193756; 356354; 306434; 298915; 178453; 301394; 289390; 138886; 172942; 159427; 165480; 197872; 476062; 179273; 162286; 396144; 
168713; 193777; 172826; 196860; 191326; 151331; 139157; 186518; 166270; 177568; 332671; 344903; 295533; 156405; 287885; 285282; 181902; 168553; 188649; 168212; 203626; 453791; 215991; 175575; 432042; 
147721; 193594; 171565; 198155; 152479; 164327; 179915; 160965; 177543; 189092; 361777; 222293; 326656; 177850; 297315; 325750; 174565; 164730; 197281; 189801; 203683; 265459; 203384; 198424; 412177; 
192004; 197864; 167969; 189056; 169578; 182915; 183833; 145091; 182127; 171782; 377846; 284371; 288099; 176579; 312362; 320282; 148792; 132122; 156385; 185681; 250881; 474148; 220787; 144402; 399480; 
220861; 200740; 166136; 189540; 191284; 182293; 190293; 174396; 172947; 175811; 425817; 286884; 245921; 181031; 283592; 252644; 155120; 150105; 174660; 186659; 198465; 478327; 214994; 163951; 400058; 
152600; 156684; 225964; 166156; 198561; 184443; 181816; 166570; 194000; 174961; 365848; 344209; 317013; 159731; 331126; 325043; 130444; 189449; 166184; 173345; 211245; 469349; 210088; 178183; 391573; 
133919; 155695; 167860; 140916; 179143; 165799; 149609; 196593; 164077; 162193; 387589; 248041; 290781; 181000; 321040; 342392; 162434; 141794; 161377; 177922; 178519; 464023; 183076; 181670; 373238; 
148881; 194065; 164758; 154582; 171172; 154935; 168867; 150760; 176262; 192049; 337485; 229315; 290116; 151742; 347639; 307546; 170418; 168436; 200662; 182748; 220915; 483493; 182635; 161681; 392898; 
165949; 182422; 174297; 212786; 163069; 168596; 153390; 185288; 177535; 144899; 315130; 192093; 276780; 159611; 296225; 296359; 189149; 188636; 183093; 165239; 198867; 467692; 195189; 176367; 410485; 
162182; 170563; 143826; 181752; 206231; 182643; 170793; 185660; 161475; 174454; 323019; 289977; 280969; 183313; 323130; 269240; 223600; 201171; 150407; 199748; 205760; 468172; 220170; 149593; 398464; 
164635; 181218; 163794; 170552; 191223; 180814; 159928; 200611; 158886; 178793; 350711; 315213; 286596; 150532; 317298; 266128; 169000; 171286; 137060; 181361; 168644; 470607; 191722; 158828; 410253; 
149021; 174237; 197972; 161392; 160785; 156142; 226615; 172900; 192604; 128132; 316093; 236136; 285651; 177419; 291592; 278482; 182197; 171049; 187950; 170729; 189471; 449949; 204598; 162355; 414325; 
205197; 154044; 180163; 151957; 181034; 156728; 200233; 177953; 177918; 184949; 315241; 383554; 257237; 149715; 305478; 271605; 147998; 159606; 179538; 172584; 219193; 290213; 197688; 169444; 396746; 
147211; 165349; 186840; 197677; 179302; 159404; 189679; 161634; 179160; 188784; 302766; 213398; 255846; 202315; 299750; 298950; 199178; 191835; 144670; 176022; 178817; 473828; 193198; 162035; 368732; 
183815; 174871; 177420; 151211; 182207; 168529; 159948; 176215; 193536; 182992; 318563; 255849; 251066; 193360; 304048; 330790; 162506; 182374; 180604; 161948; 208609; 470158; 182633; 172206; 404885; 
158101; 155770; 170244; 183168; 168693; 202281; 198027; 192792; 161669; 192030; 292995; 246913; 226517; 168176; 273317; 267696; 153653; 152827; 134349; 175181; 231997; 469716; 233059; 179532; 402310; 
153762; 173505; 159789; 199118; 175164; 199368; 151797; 183547; 161814; 200838; 295655; 221085; 342650; 163500; 277526; 244542; 185512; 175130; 187238; 164988; 190460; 467650; 211859; 161474; 357241; 
183770; 155690; 190952; 166131; 178005; 194014; 179314; 189823; 165434; 146570; 348576; 282302; 298887; 148991; 284632; 343289; 164292; 187709; 161736; 152733; 190279; 474046; 220123; 164030; 401997; 
171975; 176777; 222272; 143151; 166594; 172889; 166927; 169592; 189499; 154041; 359767; 278881; 321659; 161360; 277666; 284072; 176690; 181990; 194898; 155455; 252610; 455052; 208790; 155135; 371851; 
183374; 175188; 142131; 162607; 172218; 166696; 184864; 173063; 179880; 172118; 376267; 265433; 319337; 195685; 306160; 326529; 141495; 176438; 216835; 157358; 224548; 472213; 230849; 196989; 374538; 
191137; 164774; 159404; 157062; 186612; 141159; 166147; 167315; 165992; 178263; 339778; 257337; 334490; 153902; 314339; 366655; 173642; 161166; 185018; 175394; 214089; 489055; 193368; 179455; 382332; 
175078; 178970; 162659; 182307; 171243; 181873; 185609; 193839; 169710; 196507; 356522; 169836; 350336; 160880; 282337; 375025; 176083; 158382; 173003; 163897; 256287; 480064; 209911; 181991; 378442; 
183448; 204230; 168189; 214940; 174634; 177774; 199727; 171319; 182920; 174663; 420775; 200655; 327066; 140739; 341143; 291052; 171484; 166608; 127342; 184092; 193060; 478315; 201498; 165158; 372751; 
161799; 208043; 188476; 165468; 188115; 164329; 171206; 154918; 166422; 186190; 428370; 240611; 332098; 216614; 321414; 269940; 167235; 161620; 173193; 151267; 229005; 472813; 189941; 130580; 380805; 
171176; 176102; 151463; 152097; 177008; 143145; 194259; 155972; 148044; 157608; 408343; 234597; 369849; 188136; 305454; 317616; 160558; 174602; 187305; 184258; 218880; 479285; 254690; 211262; 384578; 
181657; 149583; 154177; 163486; 150451; 168078; 159048; 154948; 185653; 164035; 411436; 213811; 325258; 151449; 331006; 297292; 170911; 146145; 172538; 128985; 234140; 453372; 243724; 172695; 385034; 
156654; 160290; 161869; 145381; 159325; 151111; 208212; 174298; 178997; 194028; 432584; 236936; 379589; 176740; 293172; 330375; 152620; 154031; 191886; 171293; 241318; 468693; 172842; 194037; 386737; 
156569; 185639; 173743; 177910; 172180; 178348; 179391; 171850; 190517; 178972; 420535; 220441; 368062; 186250; 330864; 296471; 183649; 163340; 184202; 172348; 227491; 237923; 186090; 173442; 370308; 
193239; 162711; 179659; 159415; 178940; 155883; 157868; 193112; 164837; 171307; 449918; 260228; 361611; 200051; 331729; 311791; 181072; 189409; 177019; 166527; 212435; 241818; 219519; 163714; 406130; 
182582; 184702; 194310; 211560; 173749; 152804; 177125; 150054; 177348; 166750; 395403; 245366; 351656; 173933; 324910; 337489; 183511; 149049; 180401; 163115; 204432; 472265; 184721; 187782; 409288; 
155728; 151322; 180760; 154130; 168590; 185394; 157644; 165500; 168396; 220639; 418890; 227003; 341878; 170898; 330784; 317221; 176062; 159735; 184386; 166096; 200939; 473827; 196043; 191943; 414909; 
170042; 163703; 172948; 156590; 151326; 195321; 205249; 202571; 178126; 183228; 452599; 250144; 331471; 162601; 306426; 374498; 168852; 176381; 197905; 200307; 211626; 451179; 185368; 172999; 433436; 
143326; 167128; 175567; 203408; 164346; 158645; 203941; 200448; 188974; 247215; 445919; 241905; 320582; 178571; 284363; 258224; 210313; 182036; 179440; 169110; 184970; 452992; 187204; 165506; 416279; 
157430; 155204; 130643; 179887; 157401; 189058; 174283; 183145; 206429; 193549; 422366; 206941; 244009; 166222; 309417; 318629; 206930; 161010; 160051; 170881; 218581; 475423; 199572; 181432; 400743; 
175712; 210583; 179573; 189533; 187099; 175106; 165258; 197284; 171556; 192974; 378297; 202215; 318697; 160920; 277184; 328479; 148979; 145387; 136101; 138505; 194845; 449692; 239453; 221172; 385478; 
165358; 196983; 178977; 181637; 162146; 172449; 160836; 147542; 176709; 181206; 443413; 224164; 355010; 235828; 321124; 358662; 146972; 146493; 167035; 154613; 209507; 462470; 227705; 218926; 405839; 
172640; 155132; 171198; 162464; 146672; 175100; 144438; 170603; 134035; 162739; 413408; 262181; 386097; 152091; 339551; 280222; 157394; 169422; 150630; 140208; 228043; 463766; 214908; 193899; 405085; 
187715; 150827; 159845; 166685; 188004; 165371; 154279; 172087; 181078; 199810; 461729; 231752; 283747; 156874; 292591; 333079; 168196; 187233; 168181; 132223; 248704; 474925; 187732; 182059; 378630; 
183729; 184386; 222726; 174881; 183331; 171942; 156163; 186558; 188404; 164594; 425028; 188885; 289392; 203024; 292015; 336676; 163671; 193741; 208110; 185824; 238009; 464991; 194422; 147861; 407411; 
196804; 185819; 183333; 213229; 191079; 155180; 178022; 183159; 148981; 215388; 387955; 217522; 302823; 216049; 318841; 286479; 183190; 163759; 200054; 173040; 216675; 465688; 201645; 169350; 405143; 
168095; 190521; 181167; 209329; 168233; 195567; 173332; 181572; 130243; 170715; 421746; 226153; 367494; 198497; 322194; 346014; 147246; 156872; 195462; 161985; 192855; 467817; 212350; 185178; 414228; 
163650; 176329; 153789; 164699; 178657; 163790; 156687; 189609; 148557; 189177; 426935; 249139; 327669; 173914; 316797; 338734; 175672; 151659; 197635; 178539; 153809; 487787; 199436; 162972; 405395; 
149673; 179842; 164051; 166456; 185358; 168280; 169922; 184796; 180952; 164867; 409367; 224179; 356574; 178104; 321829; 356282; 173790; 144473; 173765; 163009; 209085; 435227; 177490; 154068; 396347; 
146820; 169228; 161894; 168144; 196825; 158848; 170603; 186781; 185990; 192375; 432184; 217855; 248578; 169031; 280933; 276391; 171235; 168680; 150309; 164384; 206281; 470895; 166874; 181652; 405612; 
182582; 188641; 157872; 155961; 170182; 189729; 173883; 172064; 183586; 191014; 440945; 231174; 327270; 146713; 330913; 260919; 185550; 168370; 165805; 181940; 178720; 464881; 206205; 144134; 423718; 
161350; 190514; 162885; 191521; 187026; 168140; 175498; 176554; 157757; 201170; 387582; 248095; 313768; 185788; 303751; 310224; 177394; 200001; 178386; 144092; 166177; 466997; 190512; 178672; 373937; 
145044; 168989; 144347; 205436; 190400; 184867; 187992; 162475; 175243; 180198; 342698; 220540; 326127; 187725; 286510; 330534; 159198; 173345; 151818; 174818; 168447; 496563; 200777; 154221; 417635; 
158765; 162075; 174138; 156183; 186928; 156179; 160054; 196612; 178546; 203214; 390867; 235574; 349196; 166638; 339249; 289752; 172133; 169862; 180177; 141706; 163771; 486796; 199357; 162323; 435382; 
167645; 164498; 176018; 185840; 180311; 171777; 190177; 183763; 176468; 168000; 364262; 249802; 289983; 172115; 314011; 322432; 162967; 160943; 182161; 149053; 190288; 477891; 234919; 198970; 416345; 
158795; 164092; 160256; 164868; 160028; 187311; 176033; 184284; 156667; 180110; 403755; 226863; 306070; 188401; 304985; 287759; 194234; 172660; 190601; 194045; 188848; 421038; 226132; 162872; 420984; 
156550; 188231; 148355; 175784; 152056; 228693; 213062; 167752; 155945; 176211; 367662; 203738; 289885; 186236; 303526; 320889; 169381; 175765; 166098; 189493; 183030; 458138; 167222; 143835; 424039; 
188389; 164195; 187163; 146940; 164032; 180555; 181776; 168516; 181515; 203423; 326086; 207572; 350915; 149551; 321684; 280131; 190308; 169995; 154422; 147933; 182419; 469021; 203343; 186680; 400853; 
174726; 153659; 145573; 175149; 165011; 169657; 157695; 168047; 201412; 226067; 346493; 213025; 325909; 177046; 302154; 287274; 152744; 148399; 188173; 168818; 209155; 467605; 211593; 169586; 408958; 
174540; 162992; 160093; 196490; 174375; 162390; 172896; 171175; 174407; 180146; 348959; 236800; 291939; 162989; 313363; 342015; 174149; 158721; 179429; 167369; 188071; 190272; 227207; 195069; 390307; 
154970; 210200; 165942; 163114; 209046; 163022; 157604; 183455; 172329; 146309; 381852; 236531; 338528; 140110; 370165; 284355; 180231; 158859; 164417; 124234; 176707; 490771; 185836; 163923; 419957; 
147139; 194192; 151893; 181951; 150667; 168334; 164299; 183756; 171014; 186272; 390655; 235236; 327189; 146850; 312194; 342615; 177239; 185837; 195505; 175667; 197436; 223588; 207121; 156857; 388474; 
175388; 140351; 187568; 179266; 139457; 159471; 161016; 136129; 159832; 177758; 380207; 239660; 312862; 158842; 339309; 296320; 151204; 163429; 169158; 158802; 171248; 481696; 226622; 187854; 410692; 
186636; 182757; 163390; 156876; 159379; 200550; 177864; 178621; 154588; 254282; 396633; 229273; 309725; 183435; 293758; 298647; 172042; 163283; 179793; 177312; 162067; 482169; 227879; 166098; 402779; 
162914; 155806; 172049; 199936; 172030; 143101; 129735; 152468; 143641; 214663; 377816; 236394; 277750; 175576; 316984; 330879; 179838; 160373; 165811; 156039; 207287; 464308; 206979; 157760; 422506; 
151801; 164714; 193239; 139890; 169056; 181599; 148170; 186613; 163929; 165918; 410181; 227596; 318170; 174714; 296541; 292724; 150107; 167352; 200899; 161083; 172002; 467198; 193374; 182203; 412449; 
195379; 188833; 164069; 176252; 198994; 169967; 185976; 146730; 163197; 159584; 406285; 221816; 334366; 149454; 287094; 297545; 140437; 159573; 180108; 164226; 191862; 467072; 192961; 213181; 403319; 
219262; 178063; 176723; 175261; 175878; 184186; 185426; 181022; 173205; 192906; 393837; 243800; 351878; 180540; 303498; 322698; 166790; 150849; 167724; 188137; 183107; 449306; 192631; 175085; 375908; 
182510; 199815; 189223; 181027; 143828; 123813; 183265; 204830; 161078; 203064; 396568; 247183; 348205; 205175; 297651; 284403; 169822; 148432; 191782; 164575; 194032; 463179; 217033; 196622; 403290; 
201392; 141596; 179720; 166090; 128234; 173774; 159874; 171253; 137722; 190704; 424480; 199694; 308872; 138315; 278806; 252863; 191275; 155328; 159036; 168045; 203858; 484253; 223733; 191120; 436664; 
165379; 208880; 201335; 154534; 194625; 131194; 165966; 154884; 140292; 208544; 441287; 226598; 316541; 158901; 318348; 320474; 161504; 156321; 163836; 205909; 187172; 490957; 168680; 156871; 363282; 
159048; 181282; 167662; 160707; 134259; 189338; 140724; 153121; 138663; 196935; 412636; 210834; 340003; 139149; 274740; 237865; 143167; 168397; 193559; 182009; 201258; 485549; 182834; 157294; 399395; 
146703; 201450; 169019; 165761; 158283; 168354; 182668; 171997; 172521; 148582; 418595; 237738; 322075; 171620; 306113; 299043; 193418; 147213; 151237; 183750; 192165; 480861; 203321; 150387; 380460; 
147417; 191757; 177033; 159105; 169418; 166997; 163327; 206372; 170985; 173707; 438046; 228732; 238645; 149366; 323884; 307915; 170926; 130512; 181532; 163514; 189731; 470195; 207183; 173230; 397620; 
175255; 179505; 185803; 161304; 160618; 146805; 172651; 176203; 145509; 185550; 417500; 232730; 325920; 144335; 321207; 247648; 146821; 153083; 159067; 189543; 187370; 480147; 241172; 167526; 397273; 
178901; 172180; 194996; 155769; 164366; 162377; 159179; 109424; 189897; 228974; 388642; 203189; 338990; 170530; 303823; 296514; 163000; 170534; 184575; 157364; 168500; 454521; 201508; 156903; 391783; 
156577; 144472; 154152; 167371; 172803; 160339; 181917; 170038; 178093; 202999; 455031; 183568; 313753; 168746; 304951; 274998; 151690; 164622; 169835; 156102; 177507; 458523; 191169; 153234; 390306; 
166752; 165005; 165563; 178522; 152458; 170146; 156407; 150957; 167531; 174581; 447403; 220049; 313102; 166777; 275643; 250214; 221882; 171893; 204175; 183047; 199604; 231552; 168698; 165768; 388357; 
150264; 165276; 168861; 180434; 158773; 175176; 170837; 157306; 182737; 196749; 418046; 206879; 312029; 135299; 328876; 341380; 177079; 182029; 195072; 142655; 184141; 465041; 236035; 168070; 428775; 
153666; 184279; 175380; 167207; 156807; 170284; 175697; 175644; 166455; 175025; 430590; 213054; 285592; 148168; 318001; 314480; 182501; 148593; 172126; 183994; 153695; 474154; 250662; 141145; 405818; 
157827; 148724; 173348; 166229; 165501; 140608; 168727; 158242; 145523; 175932; 446158; 227419; 294994; 181187; 285331; 255881; 195753; 157502; 183717; 183507; 168416; 473925; 254946; 143827; 376086; 
174492; 172316; 133192; 161984; 132777; 165844; 135223; 164608; 149558; 184239; 412995; 238508; 251657; 153134; 316657; 247388; 212695; 168777; 173390; 182003; 165012; 491849; 182206; 160432; 422876; 
161954; 190890; 178193; 164348; 176555; 133168; 154401; 162432; 158865; 160390; 370245; 206638; 300107; 166011; 290127; 248573; 152257; 167161; 181863; 153797; 167471; 224877; 197111; 172997; 405556; 
168237; 144145; 164641; 216695; 174433; 154056; 152859; 156815; 173797; 160088; 442809; 228297; 233643; 175411; 298800; 242907; 201188; 153297; 161043; 165355; 161096; 464422; 186525; 170970; 386616; 
157111; 150616; 181926; 165152; 150321; 168994; 148163; 195276; 136992; 208557; 339232; 243970; 324729; 170679; 277425; 300008; 149592; 156235; 147219; 178742; 167780; 472697; 190488; 151590; 428487; 
218922; 179418; 167139; 166949; 205996; 146240; 167342; 174077; 182836; 166771; 431708; 224028; 322957; 153279; 291245; 284683; 178715; 155553; 191934; 188452; 162366; 469834; 222952; 147802; 391698; 
179384; 200841; 134287; 137309; 159173; 159152; 154535; 181919; 162690; 145847; 337133; 192951; 287639; 148885; 271328; 287255; 165640; 161728; 176334; 150344; 144177; 450691; 196866; 159046; 403799; 
144148; 193943; 167528; 171801; 139916; 179336; 177404; 188302; 167869; 159338; 440116; 193393; 253110; 190499; 308569; 276139; 147414; 145833; 151521; 136296; 178721; 456449; 201600; 150446; 419247; 
143837; 148379; 173858; 152837; 157529; 207968; 182656; 162954; 174207; 203737; 418944; 256229; 242709; 167761; 276897; 255297; 150397; 166300; 169521; 158079; 146201; 453583; 231620; 200358; 391556; 
173130; 158205; 173399; 198489; 152267; 137424; 194529; 151295; 136065; 202650; 319074; 218234; 239556; 185353; 331933; 293177; 200866; 188696; 167840; 142134; 192198; 472482; 207691; 157039; 385431; 
194594; 183615; 148466; 131967; 158048; 174636; 155489; 156822; 184094; 189874; 361382; 221856; 254195; 181152; 315527; 270451; 134959; 150063; 154632; 195979; 153235; 473972; 201023; 199762; 398249; 
172456; 153540; 160566; 175902; 185446; 146194; 181561; 134831; 170212; 160990; 310345; 227087; 271009; 172175; 334148; 275899; 172696; 147321; 162107; 190495; 132192; 203856; 219009; 191303; 432609; 
162797; 184974; 185574; 165896; 165389; 195548; 156270; 183062; 153828; 180131; 336983; 238648; 317260; 210673; 278737; 343052; 161262; 158369; 185866; 165386; 196360; 210082; 226744; 164996; 426611; 
159013; 164650; 173466; 177960; 196863; 166367; 190236; 172182; 159484; 180825; 344955; 225416; 328367; 185993; 306879; 336709; 185292; 144980; 182370; 179294; 175145; 440606; 209148; 146828; 373997; 
183137; 138728; 187917; 168648; 162445; 131972; 165209; 135523; 155255; 201532; 338557; 220345; 268289; 156110; 321402; 332381; 189517; 160630; 170317; 203176; 155045; 223578; 191921; 143165; 421746; 
170751; 145671; 151189; 184503; 164893; 164418; 148468; 172781; 199363; 185577; 332305; 207543; 209136; 182721; 328852; 320014; 154877; 164090; 173760; 182840; 162353; 448161; 209403; 153044; 394730; 
157250; 195526; 170321; 163945; 166833; 152088; 158992; 161863; 156071; 165837; 298458; 219158; 225695; 163005; 307674; 324170; 143005; 164321; 207327; 150737; 175256; 196032; 203366; 166793; 428247; 
162470; 181199; 149247; 159345; 146376; 149056; 159424; 200373; 195816; 212606; 318627; 196084; 360566; 161410; 313624; 300983; 149299; 168841; 173086; 160878; 185458; 198731; 190906; 136240; 401727; 
179432; 185538; 147361; 180117; 153520; 177512; 148636; 188675; 162149; 174335; 304929; 241718; 319054; 157804; 288982; 285341; 188530; 172521; 161256; 152048; 176955; 452592; 196749; 170074; 403662; 
181497; 222148; 166835; 177116; 147262; 199296; 183661; 169553; 184541; 185680; 320108; 200103; 281524; 179480; 262416; 340247; 188853; 149785; 163532; 183622; 184808; 280652; 202479; 170875; 419527; 
185377; 180878; 144194; 166212; 169168; 199889; 198239; 175057; 147409; 187115; 304941; 244040; 386399; 176024; 300821; 310654; 184419; 148481; 201519; 184479; 141394; 231563; 201515; 190175; 382119; 
161056; 193785; 170280; 158575; 180885; 162477; 168298; 149439; 143879; 179942; 292275; 234676; 382615; 149289; 304205; 340018; 156560; 149253; 160790; 147571; 178448; 445128; 202079; 174510; 392761; 
181549; 133980; 155639; 173413; 148143; 129603; 198326; 155162; 192144; 171193; 327314; 200639; 325382; 176226; 343488; 308151; 162535; 159795; 169476; 183819; 177525; 211616; 230221; 161706; 416907; 
139394; 172949; 187130; 160533; 155918; 172443; 183721; 174709; 189782; 171352; 306001; 239982; 259832; 156077; 338140; 283713; 193833; 140671; 168154; 200753; 167934; 191796; 201123; 162445; 414680; 
171676; 161282; 169099; 155952; 158275; 184607; 184656; 137977; 180023; 199792; 318847; 212544; 319273; 179992; 275706; 265355; 183000; 146607; 139581; 196925; 144747; 452019; 193126; 181053; 416648; 
159966; 151375; 196488; 167277; 152324; 163758; 175170; 147712; 132727; 183351; 313330; 176387; 380312; 189894; 301082; 297464; 164626; 146363; 152427; 153568; 137800; 448377; 215476; 171057; 409957; 
163197; 139507; 159389; 161489; 148684; 153090; 169460; 139138; 152357; 168015; 347080; 210538; 364672; 168021; 304314; 282535; 163372; 160055; 179122; 155760; 153020; 472020; 206219; 177931; 400098; 
162324; 166430; 158651; 162576; 156559; 166566; 186385; 188935; 139087; 160010; 311542; 237415; 326884; 172553; 311165; 322008; 173963; 162270; 161985; 158263; 197222; 253797; 209682; 178345; 408526; 
132897; 194295; 152243; 180564; 185521; 163419; 193422; 185450; 160416; 181744; 319521; 249463; 279632; 188212; 286720; 287582; 158283; 174391; 167554; 171565; 178133; 484083; 221083; 153269; 384689; 
166601; 149708; 186749; 148151; 177660; 193813; 176536; 158719; 169964; 189648; 445381; 220573; 357414; 181696; 281983; 340611; 140412; 166246; 178176; 182997; 154609; 484901; 215843; 144404; 410205; 
147095; 198716; 169937; 161097; 165853; 158796; 179089; 179075; 166483; 216696; 441339; 216451; 304712; 157071; 291858; 298514; 156065; 173207; 177025; 167998; 151209; 465939; 225068; 160863; 406438; 
194187; 159110; 143389; 169315; 161204; 147604; 167300; 175957; 135802; 212002; 427134; 236852; 308725; 179879; 283063; 341382; 136998; 191725; 167791; 157250; 187871; 467563; 197540; 153156; 410736; 
146838; 187676; 163371; 172726; 163181; 154326; 186544; 177430; 164985; 247128; 427607; 251556; 307294; 180135; 289396; 358058; 154497; 164025; 169000; 169086; 180784; 279614; 225860; 171861; 412194; 
170990; 195945; 158077; 142290; 152810; 156800; 176520; 169975; 146336; 155139; 422921; 228919; 328316; 163799; 328412; 278975; 178867; 176393; 160301; 178109; 189425; 255202; 222957; 164296; 395618; 
167586; 209099; 190711; 188235; 194413; 159822; 151876; 145494; 171716; 171491; 432050; 230603; 331988; 199387; 288183; 306748; 168336; 183164; 183718; 163798; 174696; 449104; 212417; 141874; 410213; 
149175; 166071; 178342; 220978; 188870; 162414; 171839; 152709; 169412; 176969; 407443; 224311; 288950; 181534; 304476; 294600; 128230; 243522; 177995; 139437; 157174; 453889; 178709; 138481; 419882; 
158614; 156733; 162456; 188365; 151588; 160355; 182579; 155927; 154268; 146275; 386826; 246005; 331958; 168406; 308812; 270247; 158884; 175837; 149154; 144840; 163568; 476571; 193755; 203954; 422648; 
177228; 176105; 169522; 162185; 161765; 145762; 157432; 153741; 181976; 160170; 390899; 231211; 345993; 161297; 287072; 301169; 173782; 160777; 162103; 169759; 135770; 488020; 206958; 200966; 388173; 
147796; 173527; 177125; 151900; 202946; 196415; 153383; 175710; 149820; 170568; 347445; 224193; 321567; 152608; 296533; 369856; 146593; 149344; 178328; 165229; 171393; 227725; 229868; 198151; 400137; 
160251; 157210; 187353; 156918; 159818; 186693; 139244; 170508; 146057; 191698; 375638; 219385; 391175; 162526; 305002; 308800; 159498; 165568; 177008; 166882; 150430; 473691; 211908; 148851; 390164; 
202284; 140866; 167172; 171062; 169411; 185459; 157124; 153673; 144885; 159016; 385715; 203812; 318615; 153974; 289092; 335786; 159000; 166548; 211555; 146590; 170136; 456659; 183929; 161736; 378647; 
186631; 154920; 152060; 164507; 183169; 179230; 141730; 160116; 165524; 202883; 397542; 234054; 298861; 172695; 268593; 310251; 182343; 159557; 182599; 165085; 193203; 449713; 213217; 170549; 419886; 
170553; 154751; 193318; 173957; 150616; 190013; 190561; 157193; 162177; 226291; 425222; 202748; 278457; 174810; 261924; 312370; 199767; 185421; 166321; 182098; 169308; 452225; 231006; 155920; 417710; 
150413; 169644; 154611; 146949; 179113; 141800; 132248; 161898; 166357; 162287; 396577; 245547; 324662; 163233; 277656; 360917; 176533; 158622; 143666; 154118; 149822; 449594; 197717; 165535; 355566; 
160999; 180704; 166538; 175847; 149536; 178302; 171912; 180450; 159422; 211466; 414677; 236481; 297826; 168209; 311322; 241134; 136724; 167190; 149781; 141480; 144038; 209791; 202364; 157205; 387853; 
167864; 151648; 142135; 169357; 153806; 155530; 182490; 164314; 156475; 190706; 453230; 210175; 362576; 203085; 309094; 298683; 188688; 198005; 180268; 203271; 164665; 216609; 190513; 154379; 409633; 
142926; 168572; 175811; 181933; 151456; 210925; 171533; 179914; 166781; 183541; 373309; 233287; 308400; 175756; 251719; 265849; 149945; 185750; 158996; 146116; 186270; 456056; 173151; 170078; 384852; 
151629; 177537; 183105; 164233; 142281; 212285; 193694; 148866; 142330; 201592; 412915; 215030; 372318; 178567; 276073; 281097; 155373; 217726; 149534; 182827; 138622; 471844; 222708; 194880; 408783; 
156381; 171291; 155286; 185370; 154422; 178675; 177764; 165323; 165617; 142932; 417022; 227252; 298767; 174179; 270815; 264286; 168090; 186736; 196680; 185973; 161666; 486351; 229374; 142196; 405920; 
176540; 157851; 187860; 140678; 171323; 163501; 144805; 175537; 153337; 161590; 399335; 222134; 328175; 187306; 294960; 270456; 159272; 167475; 164774; 149342; 142164; 482047; 227308; 162816; 407169; 
173041; 158189; 143747; 184506; 148657; 170185; 187799; 176744; 156420; 160424; 405791; 230734; 307842; 163192; 328634; 341916; 168957; 166242; 154596; 175572; 199864; 484566; 180482; 165513; 420913; 
161173; 157540; 170587; 158635; 169994; 162706; 183573; 173648; 167756; 241150; 380212; 225281; 281321; 231214; 287040; 283410; 139685; 161493; 170647; 182989; 157382; 471912; 199669; 152715; 380489; 
151638; 163783; 163128; 167334; 156500; 149327; 187392; 163247; 162850; 212886; 323467; 210252; 295154; 177902; 297651; 316472; 183584; 186625; 179730; 166781; 180103; 439960; 219331; 153278; 416744; 
134934; 154329; 164373; 175013; 156678; 166429; 138535; 167902; 176812; 161878; 446130; 209872; 396716; 152486; 337850; 300226; 161177; 163419; 174637; 165862; 134811; 446956; 239464; 153909; 430658; 
173869; 150845; 166038; 170105; 178551; 164601; 156561; 168408; 171443; 160777; 425907; 250878; 296693; 154352; 273540; 274880; 161892; 163961; 155814; 159180; 171360; 442845; 223591; 184688; 397486; 
147181; 182845; 174152; 153333; 198922; 148475; 138932; 186793; 142033; 191289; 424063; 205786; 287199; 145587; 277665; 304861; 173987; 167807; 152935; 176510; 158377; 476156; 192131; 194570; 428367; 
155676; 166396; 172802; 173433; 159501; 144803; 177095; 157685; 178940; 140699; 422954; 225169; 315270; 204693; 300401; 294266; 168755; 183730; 192946; 201596; 178094; 458113; 177929; 149185; 438189; 
174910; 199587; 196854; 179376; 174470; 156398; 167482; 159965; 178183; 183534; 431690; 228626; 377857; 160422; 291203; 262067; 171338; 164535; 184239; 175043; 182934; 441558; 185439; 137184; 395204; 
146707; 179345; 189863; 196624; 171661; 160618; 194106; 155928; 194723; 169890; 437487; 233768; 347515; 145762; 285262; 285314; 131740; 180738; 186108; 172469; 136321; 230978; 200257; 152909; 426377; 
189492; 160545; 154549; 172188; 175693; 177793; 158040; 146291; 153987; 181504; 413633; 191709; 331071; 178711; 318002; 330406; 160669; 156236; 164282; 145762; 153939; 208161; 207577; 179148; 409894; 
148280; 144548; 165182; 149656; 177843; 158027; 179695; 162813; 178441; 168613; 421045; 226709; 239111; 180013; 307073; 321442; 205200; 167947; 138499; 170832; 175672; 452302; 208160; 167805; 390102; 
181607; 153759; 167793; 167820; 181262; 181648; 191878; 174972; 176539; 179541; 436713; 247643; 258466; 213958; 265925; 301747; 171647; 142991; 172525; 172023; 161265; 480781; 207760; 183906; 409947; 
161422; 157455; 172641; 161628; 156411; 172561; 158572; 184636; 164014; 173124; 435461; 207803; 283543; 149485; 329429; 303833; 149844; 168574; 197441; 188030; 169828; 460409; 214746; 170163; 408403; 
163849; 188202; 149644; 205763; 157322; 155392; 189288; 149286; 174611; 198038; 418593; 215894; 310848; 164967; 295617; 326819; 128076; 157722; 185320; 198659; 185603; 467375; 189734; 157483; 386977; 
168344; 160051; 158874; 174927; 166613; 166942; 145149; 145452; 195366; 181853; 423474; 190052; 318900; 152092; 257929; 330425; 177353; 164777; 180112; 161913; 147153; 466895; 221601; 168578; 393428; 
138212; 197046; 158968; 160323; 201681; 151639; 203754; 175194; 179153; 191133; 442942; 206891; 307099; 161576; 296646; 232982; 147887; 185085; 154628; 157165; 160200; 474094; 213795; 166888; 413579; 
169517; 194986; 163281; 141582; 146868; 167918; 177474; 172869; 163485; 167788; 428331; 232415; 351666; 156510; 288471; 285655; 154459; 177536; 200497; 171292; 178543; 234196; 179712; 176535; 397228; 
133415; 153209; 209556; 179684; 148455; 176099; 173158; 152770; 204143; 163870; 434929; 230802; 306986; 181672; 295637; 339890; 200628; 132329; 181053; 146846; 163830; 439799; 227597; 179193; 413715; 
187306; 165077; 176703; 185444; 147230; 192067; 166202; 199798; 176446; 142334; 437207; 196463; 312627; 198041; 282756; 368367; 178066; 178266; 164454; 164621; 142463; 469289; 179111; 188886; 395473; 
170980; 165064; 162352; 160331; 203108; 149097; 157529; 177943; 192329; 153990; 433820; 199156; 309630; 153297; 280527; 283298; 190691; 151968; 179279; 166076; 183303; 471668; 192422; 158568; 405310; 
147560; 157456; 191095; 157456; 190866; 178428; 179361; 162660; 161262; 194731; 413430; 198066; 283342; 164844; 263754; 260603; 148305; 237508; 155604; 141482; 185286; 466407; 182112; 160294; 407541; 
165317; 163143; 157041; 167517; 172467; 135553; 197137; 185197; 187407; 168582; 442702; 214756; 254561; 144809; 290378; 283836; 146134; 208267; 199956; 138431; 180381; 472603; 213716; 173610; 383594; 
186532; 147247; 157740; 148933; 158827; 177336; 147548; 142917; 148229; 197856; 425397; 235950; 367489; 162497; 266176; 297163; 167304; 186952; 207188; 160718; 140791; 446225; 194986; 143349; 420921; 
130628; 179236; 160623; 147786; 186774; 213162; 189143; 154903; 147987; 195951; 417608; 216118; 345522; 174823; 293161; 256048; 158424; 181594; 181933; 163335; 172030; 460534; 195208; 176784; 394174; 
163049; 156654; 133511; 145335; 166113; 177169; 184922; 167801; 164773; 171753; 430717; 249006; 264952; 168011; 274914; 268846; 171072; 158830; 179220; 164939; 144815; 458011; 216015; 178940; 419044; 
132906; 188996; 141572; 160669; 138376; 156120; 153867; 191813; 147123; 163376; 432015; 183940; 285221; 172321; 278857; 312347; 169127; 150122; 159895; 167811; 195909; 413933; 180096; 181923; 443846; 
152347; 177462; 147918; 189655; 148570; 151369; 142531; 164689; 188141; 180617; 424591; 225863; 260796; 191621; 264819; 290649; 163970; 165538; 176818; 178249; 183558; 480035; 187468; 165009; 395177; 
169647; 172333; 171301; 145416; 169073; 182016; 173542; 126726; 151003; 204671; 398249; 220637; 289054; 202828; 329228; 265867; 156533; 142760; 175717; 195839; 171015; 477156; 196236; 152805; 411684; 
162457; 166797; 175033; 169666; 188879; 173724; 153368; 158350; 163162; 154126; 410320; 208433; 315232; 176433; 322430; 284860; 125863; 193464; 204284; 178810; 153732; 489784; 218126; 143838; 396234; 
177184; 150537; 159829; 155456; 156088; 191154; 158174; 172662; 165728; 212164; 405095; 245742; 337380; 165303; 348791; 288951; 152961; 172715; 173697; 175321; 163181; 488373; 202289; 174983; 358613; 
186922; 165647; 162792; 164070; 168230; 182131; 164170; 146309; 162042; 190359; 415546; 237863; 291700; 151426; 358034; 277326; 160168; 162815; 197422; 147381; 149571; 480821; 220581; 157750; 401155; 
160089; 187724; 156816; 187907; 156029; 161496; 199758; 181767; 142907; 202260; 408547; 213962; 223809; 209468; 350763; 336191; 141858; 161712; 172798; 173324; 175308; 467831; 195528; 164066; 383690; 
189169; 190528; 173393; 164132; 186367; 213106; 160684; 175620; 193676; 146193; 395897; 218687; 234107; 158195; 317075; 305448; 150727; 136880; 170219; 150205; 166209; 461939; 204592; 156151; 401515; 
163035; 162063; 165661; 162738; 171799; 143148; 165236; 155266; 168736; 180818; 412320; 240372; 253406; 153219; 340419; 310480; 155914; 185316; 179094; 149988; 158701; 447956; 260073; 171751; 392477; 
188858; 173817; 184011; 177423; 170550; 171020; 175945; 170985; 177319; 188736; 416488; 221947; 353485; 138847; 301461; 260842; 145763; 158690; 161982; 152772; 168932; 467814; 189996; 162931; 391872; 
149076; 194186; 137452; 166189; 184535; 147283; 170236; 153613; 166340; 173426; 403662; 220479; 337110; 180626; 281421; 268007; 175515; 178577; 198418; 187523; 179911; 493793; 219241; 183167; 411995; 
151600; 183359; 179904; 171732; 165536; 178934; 170388; 209438; 154782; 145141; 394467; 215957; 300930; 180699; 305410; 323721; 157040; 150600; 174223; 176097; 170459; 487276; 199392; 169094; 385743; 
161945; 134480; 220029; 173713; 172839; 147670; 169371; 157043; 161199; 178061; 423620; 221471; 307348; 210182; 319829; 305669; 136265; 139613; 174961; 190719; 142827; 448774; 184607; 167727; 372503; 
165080; 136388; 183002; 162803; 192827; 193572; 168803; 146085; 175597; 184678; 417344; 234161; 294003; 166402; 302529; 290299; 165627; 176319; 172272; 176027; 169668; 460767; 201800; 161188; 408374; 
182680; 174058; 156895; 190400; 146412; 172582; 155661; 159890; 187252; 232117; 438830; 225619; 322672; 158648; 307184; 303895; 162588; 185070; 183866; 166171; 183755; 470549; 200188; 178452; 389131; 
182779; 187296; 142980; 172078; 193369; 172300; 164781; 157920; 162718; 171111; 421275; 237139; 355844; 177981; 316956; 385542; 166383; 166169; 162685; 160830; 180601; 474310; 202947; 167794; 422310; 
185522; 183709; 182210; 168726; 162452; 176326; 178954; 154270; 124089; 166671; 415253; 223153; 332123; 171040; 330473; 361841; 173297; 178615; 178205; 151187; 175910; 455609; 202107; 173237; 415649; 
186704; 162482; 165245; 143585; 141521; 158056; 165970; 157538; 183296; 189190; 412996; 226043; 368827; 181938; 326175; 239460; 190722; 132967; 174565; 149972; 148791; 461316; 193859; 161163; 358486; 
164626; 161352; 165536; 149428; 187067; 162718; 157971; 148852; 189588; 197725; 438954; 227944; 348660; 205529; 340664; 270631; 159085; 158474; 150416; 150588; 175124; 475932; 219166; 155902; 375663; 
172241; 164418; 154008; 156928; 182401; 206004; 200248; 167422; 159769; 216211; 428402; 215318; 399250; 154904; 330139; 262324; 148522; 179290; 143462; 179751; 145440; 473230; 197166; 192123; 411478; 
171925; 183321; 158483; 202161; 147234; 194489; 208242; 145708; 164911; 168405; 422187; 220172; 277562; 157212; 314491; 274819; 142488; 153303; 177436; 182237; 155480; 468717; 207091; 186294; 370488; 
133875; 170559; 155333; 180574; 162381; 155266; 142636; 153428; 141732; 159775; 422680; 227755; 282606; 185771; 328131; 310098; 179273; 164095; 158316; 169929; 139341; 467283; 200896; 175557; 412260; 
179464; 168726; 162513; 191260; 178636; 201091; 154004; 170425; 161061; 182081; 416706; 253135; 295314; 194724; 308889; 305851; 134309; 150588; 159311; 164106; 172104; 470093; 226855; 178884; 387955; 
176050; 167426; 186706; 158772; 158044; 166356; 188167; 162263; 160525; 186115; 432435; 212644; 322716; 150334; 340393; 316257; 167965; 159407; 154345; 132383; 170852; 443401; 211490; 155473; 395609; 
155004; 181359; 189594; 148179; 185133; 183483; 184617; 160340; 184050; 156568; 414198; 204948; 326344; 146741; 368682; 340692; 132198; 185932; 189132; 179099; 160713; 451528; 206902; 153394; 411890; 
193206; 169014; 163553; 182990; 130975; 160499; 176207; 155394; 178789; 146937; 414084; 237398; 241266; 211688; 335043; 252203; 126119; 176446; 187804; 142886; 178185; 461060; 197994; 171032; 396849; 
154964; 190597; 154491; 180248; 174388; 158774; 147106; 140446; 147445; 176184; 445468; 229057; 282236; 144252; 322132; 260752; 164778; 139470; 153248; 180945; 195780; 481904; 200329; 161041; 382141; 
192487; 171145; 138590; 193714; 169729; 173736; 178598; 161019; 159169; 239739; 432905; 229215; 292727; 181766; 316382; 272585; 176491; 194257; 169033; 185825; 152904; 446894; 201814; 170684; 407432; 
188626; 141462; 148526; 168337; 187299; 158989; 194484; 159937; 196831; 187397; 431977; 236108; 319327; 158493; 323053; 242343; 160855; 155893; 186327; 145404; 172432; 460392; 183948; 179251; 393025; 
136851; 173449; 208657; 168137; 181384; 139212; 181221; 176234; 154818; 198169; 407831; 236643; 281174; 161155; 330022; 279019; 167359; 159706; 179114; 173431; 164464; 469378; 172219; 138075; 409122; 
167408; 172290; 206255; 172619; 174100; 160491; 181919; 176010; 162257; 199841; 447736; 221940; 301198; 168242; 292521; 263363; 169532; 172469; 157166; 178434; 172070; 460414; 214242; 170437; 384259; 
162447; 163454; 166680; 159542; 149873; 164454; 163058; 186573; 152669; 153509; 420891; 221623; 318727; 149306; 302766; 265873; 163850; 136562; 185224; 161193; 162684; 451898; 230806; 152492; 377449; 
135960; 203019; 150181; 203748; 164688; 145892; 197949; 164236; 206709; 166331; 392662; 224997; 326130; 181901; 305769; 268453; 184418; 187991; 187982; 195803; 185951; 464322; 184634; 155226; 398850; 
174028; 159709; 137877; 184819; 160302; 149253; 199219; 155074; 174799; 153498; 415644; 205278; 236483; 174804; 324508; 343153; 149238; 146178; 144293; 179990; 185775; 485289; 187139; 169546; 421767; 
164138; 157389; 175447; 154548; 144074; 151515; 165564; 172650; 154493; 171816; 391768; 197315; 258876; 185615; 314785; 317658; 202438; 165169; 154079; 140162; 181267; 249628; 192179; 179677; 375878; 
173099; 179939; 187911; 164071; 169823; 175841; 153927; 173759; 145797; 191764; 421848; 257286; 268115; 186260; 299365; 375910; 164548; 170283; 191451; 160220; 152536; 459578; 191103; 200726; 366705; 
170341; 185676; 144918; 192128; 197349; 163569; 161460; 166627; 184994; 177439; 428542; 224991; 294866; 175500; 312522; 233546; 163784; 191342; 184499; 156379; 150225; 462086; 247148; 168315; 406757; 
196313; 160685; 179514; 141473; 168491; 163353; 146172; 151600; 182813; 168031; 416535; 212512; 276314; 159054; 279891; 257939; 149536; 151095; 176708; 163242; 146362; 439394; 206165; 175769; 384609; 
181797; 148357; 158280; 180798; 166445; 147824; 169082; 170282; 135976; 153790; 441780; 225382; 368908; 159998; 278847; 256763; 203078; 151037; 138327; 171445; 142783; 464664; 194669; 177624; 397922; 
142218; 170896; 204120; 160560; 169755; 188519; 129327; 161901; 167119; 192214; 428105; 220054; 302859; 150307; 300438; 314053; 190457; 175568; 164174; 163547; 204637; 457115; 217435; 204650; 406731; 
182527; 162834; 189015; 167848; 151658; 165924; 177053; 149817; 151714; 205916; 431505; 242624; 380682; 180421; 287415; 295391; 181589; 160691; 170781; 156502; 153351; 471749; 185428; 185003; 376334; 
168288; 156244; 177999; 144646; 186581; 146167; 174108; 197150; 182618; 165606; 427319; 193756; 361004; 200863; 309390; 324105; 163953; 187708; 165158; 184957; 175998; 486271; 218665; 164085; 390379; 
150208; 182475; 161157; 183564; 178764; 167874; 186840; 158330; 144849; 153132; 421912; 200494; 337084; 152550; 316149; 265667; 158434; 157863; 174258; 191450; 164707; 490296; 220697; 153150; 415914; 
154207; 163355; 188191; 162146; 170334; 149463; 166724; 147642; 155791; 193222; 405657; 243711; 295423; 153395; 319955; 246579; 155827; 145823; 175127; 182616; 167650; 473851; 203915; 164090; 373369; 
193401; 174527; 152243; 168701; 161734; 147418; 170776; 146227; 149607; 174033; 387817; 214923; 341280; 202713; 302161; 295185; 159250; 155290; 176218; 167760; 169270; 498443; 183124; 179326; 391126; 
166432; 178851; 150395; 209355; 179859; 168729; 163397; 155827; 172751; 187260; 415912; 190291; 379669; 154366; 301667; 331419; 167885; 171953; 167074; 191088; 145473; 490611; 188150; 152524; 380279; 
184749; 170878; 161141; 201220; 129241; 156106; 171991; 164855; 175551; 155317; 417935; 199484; 342566; 172693; 272641; 302722; 150124; 152112; 142205; 199178; 170759; 479330; 206581; 190076; 329117; 
205377; 164741; 191259; 137370; 167860; 122064; 187829; 175018; 173554; 177961; 400326; 237978; 325216; 179459; 316758; 324003; 155177; 196836; 162273; 188652; 166439; 461838; 201215; 143519; 403676; 
167400; 150675; 187167; 154886; 161536; 158512; 176501; 153544; 159589; 203395; 410546; 213914; 337391; 165532; 246966; 297602; 168452; 176936; 162128; 144425; 144743; 479443; 186166; 163581; 373926; 
142271; 166059; 144516; 160869; 138323; 148999; 158073; 177728; 161067; 186513; 393423; 230319; 296561; 185442; 288442; 224495; 147175; 157099; 181086; 153963; 141575; 431242; 194803; 176787; 417104; 
196112; 166729; 139503; 187094; 162502; 170664; 197741; 164789; 168967; 195794; 381907; 245287; 324327; 172554; 313087; 285655; 188132; 150371; 134462; 171762; 180755; 426392; 194482; 157760; 386931; 
209477; 168383; 177251; 182044; 127510; 194151; 151457; 146429; 160164; 231766; 398684; 230948; 238181; 165445; 322199; 239077; 159911; 142192; 187897; 175633; 188393; 472293; 172532; 170149; 412398; 
187113; 174130; 171421; 155128; 153718; 153006; 158808; 167131; 176896; 165308; 425704; 207462; 270445; 179382; 322226; 282697; 164150; 151435; 161859; 169461; 165556; 472097; 196389; 150158; 422253; 
157603; 170665; 194603; 163382; 169765; 157543; 173030; 171475; 173286; 169100; 378643; 253639; 269342; 162957; 310584; 302499; 165772; 149224; 162259; 171607; 165505; 444899; 204455; 149692; 406740; 
146626; 163304; 158175; 184728; 174717; 187251; 182982; 179906; 183528; 184268; 401962; 241481; 252018; 180085; 300810; 240196; 175775; 197917; 166819; 174960; 201603; 454617; 198960; 173902; 391772; 
172291; 178845; 143265; 167523; 167570; 144915; 151757; 169482; 157902; 221429; 382768; 236919; 323096; 167655; 306379; 248272; 169084; 142903; 161315; 182100; 141060; 490805; 183114; 165446; 392612; 
173520; 132783; 180564; 149295; 150074; 163815; 177428; 171163; 158026; 166038; 438435; 207485; 341110; 173850; 276283; 296229; 185450; 176798; 182851; 181049; 151798; 477264; 218407; 147927; 394751; 
184001; 193950; 180171; 161552; 173586; 187858; 151555; 190847; 172843; 161139; 351121; 219085; 347902; 146799; 243705; 277978; 196634; 149928; 148427; 163512; 149582; 471239; 229547; 162507; 408838; 
166370; 168280; 174366; 152289; 174742; 152838; 194393; 185270; 140892; 150732; 420848; 232217; 284548; 147189; 263860; 319783; 172872; 164009; 152939; 150551; 183390; 480545; 201200; 185225; 417114; 
141642; 166049; 155722; 174196; 175904; 157181; 156018; 146778; 149039; 149504; 334188; 251116; 312743; 163647; 275358; 299461; 187863; 160231; 171063; 163443; 162214; 495533; 221541; 142072; 414659; 
163571; 175370; 148722; 150501; 159512; 159929; 164433; 159506; 161428; 187415; 435955; 223264; 372568; 150836; 280321; 238153; 192164; 154761; 168767; 165181; 160435; 472337; 194644; 183139; 399586; 
147732; 185266; 151611; 166785; 163900; 161524; 152346; 159826; 164619; 188778; 350248; 188106; 334730; 173313; 269183; 282516; 166337; 169991; 161227; 144870; 167087; 453269; 192342; 137193; 387150; 
158042; 158228; 152238; 164972; 179556; 153299; 150265; 157313; 149796; 195200; 378105; 227314; 284789; 159554; 327892; 272735; 175362; 215260; 164534; 145601; 203983; 469815; 202069; 176250; 349311; 
183995; 167461; 179931; 178309; 150732; 156808; 166855; 153385; 143954; 165671; 398987; 254104; 282134; 181801; 301283; 238956; 155396; 183388; 172761; 178570; 140825; 467611; 199650; 148978; 378500; 
141488; 149789; 172198; 143526; 178478; 160842; 155114; 160194; 145164; 144813; 389397; 231500; 293866; 172547; 302963; 250986; 194859; 169832; 194634; 158053; 140265; 245149; 209920; 189127; 406085; 
148980; 164835; 164168; 188532; 175792; 159150; 151337; 142020; 159019; 179445; 362190; 259289; 301463; 166718; 288341; 261537; 148547; 170350; 194831; 204928; 152960; 467867; 211173; 149190; 377981; 
187751; 136694; 182301; 178057; 138618; 188908; 162084; 138807; 137100; 183749; 395881; 208292; 290965; 183052; 304566; 316252; 166309; 142969; 169149; 153020; 174774; 464099; 191774; 158217; 379103; 
173278; 171622; 168541; 144069; 194476; 137571; 176387; 186803; 172833; 166810; 405613; 215155; 199633; 167143; 321776; 261297; 158993; 146051; 158183; 185862; 146324; 463046; 177605; 186436; 424539; 
176907; 161246; 162108; 181768; 141022; 177892; 165964; 174976; 161085; 158326; 396210; 243831; 261974; 165151; 297507; 237314; 186068; 153707; 204301; 185692; 186917; 457591; 238993; 150438; 395417; 
187301; 159882; 173876; 181669; 148070; 201192; 159370; 153361; 164114; 193997; 404353; 251905; 284333; 170848; 266098; 270311; 159286; 170989; 153273; 165245; 189807; 444402; 212044; 157733; 410804; 
172214; 188058; 170535; 165760; 159575; 157233; 162909; 170637; 160073; 212470; 397080; 230754; 273776; 159352; 258849; 259875; 157733; 182735; 184637; 166865; 172436; 447400; 177529; 154841; 399114; 
167882; 183998; 170047; 147411; 154767; 148057; 191582; 141193; 138999; 237921; 405029; 216573; 295218; 170295; 300599; 274090; 193202; 139454; 166244; 157229; 139212; 457207; 187942; 179219; 416347; 
163847; 185315; 158208; 160701; 171003; 159638; 166126; 177547; 133528; 167017; 431272; 205591; 355145; 185747; 248897; 288223; 189286; 161376; 160148; 155423; 142046; 468082; 185890; 155575; 398579; 
189493; 157519; 170104; 175174; 157540; 207450; 172548; 159996; 161255; 150944; 367298; 217542; 257413; 167725; 269679; 314647; 136377; 150016; 187144; 161555; 156595; 439398; 219330; 149868; 402155; 
148683; 141289; 179996; 152734; 168140; 174825; 174412; 156012; 164408; 152760; 399854; 188738; 282633; 189165; 300251; 297448; 160706; 140980; 171162; 159434; 163712; 233653; 214396; 162987; 396884; 
154526; 197456; 148946; 192154; 159292; 144016; 176634; 181468; 156644; 243003; 405781; 235589; 323726; 208467; 321965; 235600; 147802; 179467; 157970; 141567; 187199; 490086; 189057; 172178; 400832; 
193515; 150557; 186648; 157133; 160687; 177663; 147090; 185667; 147828; 177805; 394983; 222689; 349627; 200663; 260496; 314070; 149376; 155053; 155827; 182163; 178776; 498252; 195125; 163448; 373138; 
180841; 173658; 202436; 161309; 160047; 183585; 190239; 182256; 163560; 153762; 317061; 185003; 265966; 176368; 348389; 338845; 158468; 179720; 179832; 151282; 174877; 490546; 198899; 140712; 413266; 
165838; 154998; 173884; 145577; 170712; 162907; 133741; 173272; 148607; 188706; 420832; 221936; 217294; 173809; 299122; 321338; 173310; 153235; 183543; 184670; 175711; 485434; 202241; 159866; 388261; 
159702; 179078; 167045; 152083; 171693; 158680; 174751; 164076; 159878; 191714; 336544; 249889; 215182; 185623; 318414; 307083; 153525; 169226; 192792; 156241; 158861; 487997; 210744; 178496; 399127; 
140944; 197200; 153867; 180701; 167157; 167035; 142678; 147142; 172476; 209703; 333613; 190864; 208244; 159131; 265098; 242378; 166886; 161346; 194584; 155269; 158803; 480470; 217016; 149559; 420404; 
149087; 152527; 154825; 157773; 165831; 157414; 183623; 155982; 186687; 183872; 297547; 212933; 278221; 160705; 243311; 312141; 158919; 133913; 156764; 188938; 150988; 485286; 175345; 179234; 420208; 
179770; 165472; 148754; 164035; 183463; 183203; 180457; 143179; 151418; 157673; 330873; 209411; 306131; 153795; 301871; 307357; 172709; 147777; 149452; 164311; 191734; 460582; 206540; 170524; 387941; 
161787; 154159; 170074; 181210; 163142; 175116; 181057; 187370; 159808; 174487; 303565; 210656; 284434; 182299; 279469; 319920; 175351; 170316; 210559; 150254; 177450; 213952; 185571; 171369; 421219; 
126146; 155477; 141918; 164495; 145001; 175269; 172588; 166554; 141393; 191799; 421238; 239014; 274249; 145937; 307763; 283111; 139983; 136314; 163950; 172318; 157251; 234435; 197403; 212395; 437868; 
